Product_Description,Product_Price,Product_Rate,Product_Rating_Counts,Product_Link
2022 Latest Lenovo ThinkPad E15 Gen 4 Business Laptop 15.6” FHD 300Nits Display 12thGen Core i5-1235u 16GB 512GB Intel Iris Xe Graphics FingerPrint WIN11 Pro Black With Free WIRLESS Bluetooth Headset,"2,711",3.3,5,https://www.amazon.ae/Lenovo-ThinkPad-Business-FingerPrint-Bluetooth/dp/B0B8PCCWP8
2022 Latest Lenovo ThinkPad E15 Gen 4 Business Laptop 15.6” FHD 300Nits Display 12thGen Core i7-1255u 16GB 512GB Intel Iris Xe Graphics FingerPrint WIN11 Pro Black With Free WIRELESS Bluetooth Headset,"3,143",2.6,7,https://www.amazon.ae/Lenovo-ThinkPad-Business-FingerPrint-Bluetooth/dp/B0B9K825N3
2022 Latest Lenovo ThinkPad E15 Gen 4 Business Laptop 15.6” FHD 300Nits Display 12thGen Core i5-1235u 16GB 512GB Intel Iris Xe Graphics FingerPrint WIN11 Pro Black With Free WIRLESS Bluetooth Headset,"2,711",3.3,5,https://www.amazon.ae/Lenovo-ThinkPad-Business-FingerPrint-Bluetooth/dp/B0B8PCCWP8
2022 Latest Lenovo ThinkPad E15 Gen 4 Business Laptop 15.6” FHD 300Nits Display 12thGen Core i7-1255u 16GB 512GB Intel Iris Xe Graphics FingerPrint WIN11 Pro Black With Free WIRELESS Bluetooth Headset,"3,143",2.6,7,https://www.amazon.ae/Lenovo-ThinkPad-Business-FingerPrint-Bluetooth/dp/B0B9K825N3
2022 Latest Lenovo ThinkPad E15 Gen 4 Business Laptop 15.6” FHD 300Nits Display 12thGen Core i5-1235u 16GB 512GB Intel Iris Xe Graphics FingerPrint WIN11 Pro Black With Free WIRLESS Bluetooth Headset,"2,711",3.3,5,https://www.amazon.ae/Lenovo-ThinkPad-Business-FingerPrint-Bluetooth/dp/B0B8PCCWP8
2022 Latest Lenovo ThinkPad E15 Gen 4 Business Laptop 15.6” FHD 300Nits Display 12thGen Core i7-1255u 16GB 512GB Intel Iris Xe Graphics FingerPrint WIN11 Pro Black With Free WIRELESS Bluetooth Headset,"3,143",2.6,7,https://www.amazon.ae/Lenovo-ThinkPad-Business-FingerPrint-Bluetooth/dp/B0B9K825N3
2022 Latest Lenovo ThinkBook 15 G2 Business Laptop 15.6” FHD Display Core i5-1135G7 16GB 1TB HDD+1TB SSD Intel Iris Xe Graphics WIN11 Pro Grey With Free Pro HT Bluetooth Headset,"2,067",2.7,1,https://www.amazon.ae/Lenovo-ThinkBook-Business-i5-1135G7-Bluetooth/dp/B0B82X29FV
2022 Latest Lenovo ThinkPad E15 Gen 4 Business Laptop 15.6” FHD 300Nits Display 12thGen Core i5-1235u 16GB 512GB Intel Iris Xe Graphics FingerPrint WIN11 Pro Black With Free WIRLESS Bluetooth Headset,"2,711",3.3,5,https://www.amazon.ae/Lenovo-ThinkPad-Business-FingerPrint-Bluetooth/dp/B0B8PCCWP8
2022 Latest Lenovo ThinkPad E15 Gen 4 Business Laptop 15.6” FHD 300Nits Display 12thGen Core i7-1255u 16GB 512GB Intel Iris Xe Graphics FingerPrint WIN11 Pro Black With Free WIRELESS Bluetooth Headset,"3,143",2.6,7,https://www.amazon.ae/Lenovo-ThinkPad-Business-FingerPrint-Bluetooth/dp/B0B9K825N3
2022 Latest Lenovo ThinkBook 15 G2 Business Laptop 15.6” FHD Display Core i5-1135G7 16GB 1TB HDD+1TB SSD Intel Iris Xe Graphics WIN11 Pro Grey With Free Pro HT Bluetooth Headset,"2,067",2.7,1,https://www.amazon.ae/Lenovo-ThinkBook-Business-i5-1135G7-Bluetooth/dp/B0B82X29FV
"Lenovo ThinkPad E15 Business Laptop (2022 Model), 15.6"" FHD IPS Display, Intel Core i5-1135G7, Intel Iris Xe Graphics, 16GB RAM, 512GB PCIe SSD, Backlit Keyboard, Fingerprint Reader, WIFI 6, Win10 Pro","2,930",3.2,8,https://www.amazon.ae/Lenovo-ThinkPad-E15-i5-1135G7-Fingerprint/dp/B09LRJHD11
2022 Latest Lenovo ThinkPad E15 Gen 4 Business Laptop 15.6” FHD 300Nits Display 12thGen Core i5-1235u 16GB 512GB Intel Iris Xe Graphics FingerPrint WIN11 Pro Black With Free WIRLESS Bluetooth Headset,"2,711",3.3,5,https://www.amazon.ae/Lenovo-ThinkPad-Business-FingerPrint-Bluetooth/dp/B0B8PCCWP8
2022 Latest Lenovo ThinkPad E15 Gen 4 Business Laptop 15.6” FHD 300Nits Display 12thGen Core i7-1255u 16GB 512GB Intel Iris Xe Graphics FingerPrint WIN11 Pro Black With Free WIRELESS Bluetooth Headset,"3,143",2.6,7,https://www.amazon.ae/Lenovo-ThinkPad-Business-FingerPrint-Bluetooth/dp/B0B9K825N3
2022 Latest Lenovo ThinkBook 15 G2 Business Laptop 15.6” FHD Display Core i5-1135G7 16GB 1TB HDD+1TB SSD Intel Iris Xe Graphics WIN11 Pro Grey With Free Pro HT Bluetooth Headset,"2,067",2.7,1,https://www.amazon.ae/Lenovo-ThinkBook-Business-i5-1135G7-Bluetooth/dp/B0B82X29FV
"Lenovo ThinkPad E15 Business Laptop (2022 Model), 15.6"" FHD IPS Display, Intel Core i5-1135G7, Intel Iris Xe Graphics, 16GB RAM, 512GB PCIe SSD, Backlit Keyboard, Fingerprint Reader, WIFI 6, Win10 Pro","2,930",3.2,8,https://www.amazon.ae/Lenovo-ThinkPad-E15-i5-1135G7-Fingerprint/dp/B09LRJHD11
2022 Latest Lenovo ThinkBook 15 G2 Business Laptop 15.6” FHD Anti-Glare Display Core i5-1135G7 16GB 1TB HDD+ 256GB SSD Intel Iris Xe Graphics WIN11 Pro Grey,"1,730",2.1,3,https://www.amazon.ae/Lenovo-ThinkBook-Business-Anti-Glare-i5-1135G7/dp/B09X3KJWZ9
2022 Latest Lenovo ThinkPad E15 Gen 4 Business Laptop 15.6” FHD 300Nits Display 12thGen Core i5-1235u 16GB 512GB Intel Iris Xe Graphics FingerPrint WIN11 Pro Black With Free WIRLESS Bluetooth Headset,"2,711",3.3,5,https://www.amazon.ae/Lenovo-ThinkPad-Business-FingerPrint-Bluetooth/dp/B0B8PCCWP8
2022 Latest Lenovo ThinkPad E15 Gen 4 Business Laptop 15.6” FHD 300Nits Display 12thGen Core i7-1255u 16GB 512GB Intel Iris Xe Graphics FingerPrint WIN11 Pro Black With Free WIRELESS Bluetooth Headset,"3,143",2.6,7,https://www.amazon.ae/Lenovo-ThinkPad-Business-FingerPrint-Bluetooth/dp/B0B9K825N3
2022 Latest Lenovo ThinkBook 15 G2 Business Laptop 15.6” FHD Display Core i5-1135G7 16GB 1TB HDD+1TB SSD Intel Iris Xe Graphics WIN11 Pro Grey With Free Pro HT Bluetooth Headset,"2,067",2.7,1,https://www.amazon.ae/Lenovo-ThinkBook-Business-i5-1135G7-Bluetooth/dp/B0B82X29FV
"Lenovo ThinkPad E15 Business Laptop (2022 Model), 15.6"" FHD IPS Display, Intel Core i5-1135G7, Intel Iris Xe Graphics, 16GB RAM, 512GB PCIe SSD, Backlit Keyboard, Fingerprint Reader, WIFI 6, Win10 Pro","2,930",3.2,8,https://www.amazon.ae/Lenovo-ThinkPad-E15-i5-1135G7-Fingerprint/dp/B09LRJHD11
2022 Latest Lenovo ThinkBook 15 G2 Business Laptop 15.6” FHD Anti-Glare Display Core i5-1135G7 16GB 1TB HDD+ 256GB SSD Intel Iris Xe Graphics WIN11 Pro Grey,"1,730",2.1,3,https://www.amazon.ae/Lenovo-ThinkBook-Business-Anti-Glare-i5-1135G7/dp/B09X3KJWZ9
2022 Latest Lenovo ThinkBook 15 G2 Business Laptop 15.6” FHD Anti-Glare Display Core i5-1135G7 Upto 4.2GHz 16GB 1TB HDD+256GB SSD Intel Iris Xe Graphics WIN10 Pro Grey With Free Lenovo Wireless Mouse,"1,999",2.3,4,https://www.amazon.ae/Lenovo-ThinkBook-Business-Anti-Glare-i5-1135G7/dp/B093X2XCT3
2022 Latest Lenovo ThinkPad E15 Gen 4 Business Laptop 15.6” FHD 300Nits Display 12thGen Core i5-1235u 16GB 512GB Intel Iris Xe Graphics FingerPrint WIN11 Pro Black With Free WIRLESS Bluetooth Headset,"2,711",3.3,5,https://www.amazon.ae/Lenovo-ThinkPad-Business-FingerPrint-Bluetooth/dp/B0B8PCCWP8
2022 Latest Lenovo ThinkPad E15 Gen 4 Business Laptop 15.6” FHD 300Nits Display 12thGen Core i7-1255u 16GB 512GB Intel Iris Xe Graphics FingerPrint WIN11 Pro Black With Free WIRELESS Bluetooth Headset,"3,143",2.6,7,https://www.amazon.ae/Lenovo-ThinkPad-Business-FingerPrint-Bluetooth/dp/B0B9K825N3
2022 Latest Lenovo ThinkBook 15 G2 Business Laptop 15.6” FHD Display Core i5-1135G7 16GB 1TB HDD+1TB SSD Intel Iris Xe Graphics WIN11 Pro Grey With Free Pro HT Bluetooth Headset,"2,067",2.7,1,https://www.amazon.ae/Lenovo-ThinkBook-Business-i5-1135G7-Bluetooth/dp/B0B82X29FV
"Lenovo ThinkPad E15 Business Laptop (2022 Model), 15.6"" FHD IPS Display, Intel Core i5-1135G7, Intel Iris Xe Graphics, 16GB RAM, 512GB PCIe SSD, Backlit Keyboard, Fingerprint Reader, WIFI 6, Win10 Pro","2,930",3.2,8,https://www.amazon.ae/Lenovo-ThinkPad-E15-i5-1135G7-Fingerprint/dp/B09LRJHD11
2022 Latest Lenovo ThinkBook 15 G2 Business Laptop 15.6” FHD Anti-Glare Display Core i5-1135G7 16GB 1TB HDD+ 256GB SSD Intel Iris Xe Graphics WIN11 Pro Grey,"1,730",2.1,3,https://www.amazon.ae/Lenovo-ThinkBook-Business-Anti-Glare-i5-1135G7/dp/B09X3KJWZ9
2022 Latest Lenovo ThinkBook 15 G2 Business Laptop 15.6” FHD Anti-Glare Display Core i5-1135G7 Upto 4.2GHz 16GB 1TB HDD+256GB SSD Intel Iris Xe Graphics WIN10 Pro Grey With Free Lenovo Wireless Mouse,"1,999",2.3,4,https://www.amazon.ae/Lenovo-ThinkBook-Business-Anti-Glare-i5-1135G7/dp/B093X2XCT3
2022 Latest Lenovo ThinkPad E15 Gen 4 Business Laptop 15.6” FHD 300Nits Display 12thGen Core i7-1255u 16GB 512GB Intel Iris Xe Graphics FingerPrint WIN11 Pro Black Free Pro HT Action Camera,"3,395",4.1,6,https://www.amazon.ae/Lenovo-ThinkPad-Business-i7-1255u-FingerPrint/dp/B0BFLDK9HY
2022 Latest Lenovo ThinkPad E15 Gen 4 Business Laptop 15.6” FHD 300Nits Display 12thGen Core i5-1235u 16GB 512GB Intel Iris Xe Graphics FingerPrint WIN11 Pro Black With Free WIRLESS Bluetooth Headset,"2,711",3.3,5,https://www.amazon.ae/Lenovo-ThinkPad-Business-FingerPrint-Bluetooth/dp/B0B8PCCWP8
2022 Latest Lenovo ThinkPad E15 Gen 4 Business Laptop 15.6” FHD 300Nits Display 12thGen Core i7-1255u 16GB 512GB Intel Iris Xe Graphics FingerPrint WIN11 Pro Black With Free WIRELESS Bluetooth Headset,"3,143",2.6,7,https://www.amazon.ae/Lenovo-ThinkPad-Business-FingerPrint-Bluetooth/dp/B0B9K825N3
2022 Latest Lenovo ThinkBook 15 G2 Business Laptop 15.6” FHD Display Core i5-1135G7 16GB 1TB HDD+1TB SSD Intel Iris Xe Graphics WIN11 Pro Grey With Free Pro HT Bluetooth Headset,"2,067",2.7,1,https://www.amazon.ae/Lenovo-ThinkBook-Business-i5-1135G7-Bluetooth/dp/B0B82X29FV
"Lenovo ThinkPad E15 Business Laptop (2022 Model), 15.6"" FHD IPS Display, Intel Core i5-1135G7, Intel Iris Xe Graphics, 16GB RAM, 512GB PCIe SSD, Backlit Keyboard, Fingerprint Reader, WIFI 6, Win10 Pro","2,930",3.2,8,https://www.amazon.ae/Lenovo-ThinkPad-E15-i5-1135G7-Fingerprint/dp/B09LRJHD11
2022 Latest Lenovo ThinkBook 15 G2 Business Laptop 15.6” FHD Anti-Glare Display Core i5-1135G7 16GB 1TB HDD+ 256GB SSD Intel Iris Xe Graphics WIN11 Pro Grey,"1,730",2.1,3,https://www.amazon.ae/Lenovo-ThinkBook-Business-Anti-Glare-i5-1135G7/dp/B09X3KJWZ9
2022 Latest Lenovo ThinkBook 15 G2 Business Laptop 15.6” FHD Anti-Glare Display Core i5-1135G7 Upto 4.2GHz 16GB 1TB HDD+256GB SSD Intel Iris Xe Graphics WIN10 Pro Grey With Free Lenovo Wireless Mouse,"1,999",2.3,4,https://www.amazon.ae/Lenovo-ThinkBook-Business-Anti-Glare-i5-1135G7/dp/B093X2XCT3
2022 Latest Lenovo ThinkPad E15 Gen 4 Business Laptop 15.6” FHD 300Nits Display 12thGen Core i7-1255u 16GB 512GB Intel Iris Xe Graphics FingerPrint WIN11 Pro Black Free Pro HT Action Camera,"3,395",4.1,6,https://www.amazon.ae/Lenovo-ThinkPad-Business-i7-1255u-FingerPrint/dp/B0BFLDK9HY
"Lenovo ThinkPad E15 15.6"" Laptop: Intel 10th Gen i7-10510U Quad-Core, 16GB RAM, 512GB NVMe SSD, 15.6"" FHD 1920x1080 IPS Display, Fingerprint, Win 10 Pro, Black","3,110",4.1,6,https://www.amazon.ae/Lenovo-ThinkPad-E15-15-6-Laptop/dp/B083P6ZGTB
2022 Latest Lenovo ThinkPad E15 Gen 4 Business Laptop 15.6” FHD 300Nits Display 12thGen Core i5-1235u 16GB 512GB Intel Iris Xe Graphics FingerPrint WIN11 Pro Black With Free WIRLESS Bluetooth Headset,"2,711",3.3,5,https://www.amazon.ae/Lenovo-ThinkPad-Business-FingerPrint-Bluetooth/dp/B0B8PCCWP8
2022 Latest Lenovo ThinkPad E15 Gen 4 Business Laptop 15.6” FHD 300Nits Display 12thGen Core i7-1255u 16GB 512GB Intel Iris Xe Graphics FingerPrint WIN11 Pro Black With Free WIRELESS Bluetooth Headset,"3,143",2.6,7,https://www.amazon.ae/Lenovo-ThinkPad-Business-FingerPrint-Bluetooth/dp/B0B9K825N3
2022 Latest Lenovo ThinkBook 15 G2 Business Laptop 15.6” FHD Display Core i5-1135G7 16GB 1TB HDD+1TB SSD Intel Iris Xe Graphics WIN11 Pro Grey With Free Pro HT Bluetooth Headset,"2,067",2.7,1,https://www.amazon.ae/Lenovo-ThinkBook-Business-i5-1135G7-Bluetooth/dp/B0B82X29FV
"Lenovo ThinkPad E15 Business Laptop (2022 Model), 15.6"" FHD IPS Display, Intel Core i5-1135G7, Intel Iris Xe Graphics, 16GB RAM, 512GB PCIe SSD, Backlit Keyboard, Fingerprint Reader, WIFI 6, Win10 Pro","2,930",3.2,8,https://www.amazon.ae/Lenovo-ThinkPad-E15-i5-1135G7-Fingerprint/dp/B09LRJHD11
2022 Latest Lenovo ThinkBook 15 G2 Business Laptop 15.6” FHD Anti-Glare Display Core i5-1135G7 16GB 1TB HDD+ 256GB SSD Intel Iris Xe Graphics WIN11 Pro Grey,"1,730",2.1,3,https://www.amazon.ae/Lenovo-ThinkBook-Business-Anti-Glare-i5-1135G7/dp/B09X3KJWZ9
2022 Latest Lenovo ThinkBook 15 G2 Business Laptop 15.6” FHD Anti-Glare Display Core i5-1135G7 Upto 4.2GHz 16GB 1TB HDD+256GB SSD Intel Iris Xe Graphics WIN10 Pro Grey With Free Lenovo Wireless Mouse,"1,999",2.3,4,https://www.amazon.ae/Lenovo-ThinkBook-Business-Anti-Glare-i5-1135G7/dp/B093X2XCT3
2022 Latest Lenovo ThinkPad E15 Gen 4 Business Laptop 15.6” FHD 300Nits Display 12thGen Core i7-1255u 16GB 512GB Intel Iris Xe Graphics FingerPrint WIN11 Pro Black Free Pro HT Action Camera,"3,395",4.1,6,https://www.amazon.ae/Lenovo-ThinkPad-Business-i7-1255u-FingerPrint/dp/B0BFLDK9HY
"Lenovo ThinkPad E15 15.6"" Laptop: Intel 10th Gen i7-10510U Quad-Core, 16GB RAM, 512GB NVMe SSD, 15.6"" FHD 1920x1080 IPS Display, Fingerprint, Win 10 Pro, Black","3,110",4.1,6,https://www.amazon.ae/Lenovo-ThinkPad-E15-15-6-Laptop/dp/B083P6ZGTB
2022 Latest Lenovo ThinkBook 15G2 Business Laptop 15.6” FHD Anti-Glare Display Core i7-1165G7 Upto 4.7GHz 16GB 1TB HDD+1TB SSD Intel Iris Xe Graphics WIN11 Pro Grey With Free Pro HT Action Camera,"2,885",1.5,2,https://www.amazon.ae/Lenovo-ThinkBook-Business-Anti-Glare-i7-1165G7/dp/B09V7G371T
2022 Latest Lenovo ThinkPad E15 Gen 4 Business Laptop 15.6” FHD 300Nits Display 12thGen Core i5-1235u 16GB 512GB Intel Iris Xe Graphics FingerPrint WIN11 Pro Black With Free WIRLESS Bluetooth Headset,"2,711",3.3,5,https://www.amazon.ae/Lenovo-ThinkPad-Business-FingerPrint-Bluetooth/dp/B0B8PCCWP8
2022 Latest Lenovo ThinkPad E15 Gen 4 Business Laptop 15.6” FHD 300Nits Display 12thGen Core i7-1255u 16GB 512GB Intel Iris Xe Graphics FingerPrint WIN11 Pro Black With Free WIRELESS Bluetooth Headset,"3,143",2.6,7,https://www.amazon.ae/Lenovo-ThinkPad-Business-FingerPrint-Bluetooth/dp/B0B9K825N3
2022 Latest Lenovo ThinkBook 15 G2 Business Laptop 15.6” FHD Display Core i5-1135G7 16GB 1TB HDD+1TB SSD Intel Iris Xe Graphics WIN11 Pro Grey With Free Pro HT Bluetooth Headset,"2,067",2.7,1,https://www.amazon.ae/Lenovo-ThinkBook-Business-i5-1135G7-Bluetooth/dp/B0B82X29FV
"Lenovo ThinkPad E15 Business Laptop (2022 Model), 15.6"" FHD IPS Display, Intel Core i5-1135G7, Intel Iris Xe Graphics, 16GB RAM, 512GB PCIe SSD, Backlit Keyboard, Fingerprint Reader, WIFI 6, Win10 Pro","2,930",3.2,8,https://www.amazon.ae/Lenovo-ThinkPad-E15-i5-1135G7-Fingerprint/dp/B09LRJHD11
2022 Latest Lenovo ThinkBook 15 G2 Business Laptop 15.6” FHD Anti-Glare Display Core i5-1135G7 16GB 1TB HDD+ 256GB SSD Intel Iris Xe Graphics WIN11 Pro Grey,"1,730",2.1,3,https://www.amazon.ae/Lenovo-ThinkBook-Business-Anti-Glare-i5-1135G7/dp/B09X3KJWZ9
2022 Latest Lenovo ThinkBook 15 G2 Business Laptop 15.6” FHD Anti-Glare Display Core i5-1135G7 Upto 4.2GHz 16GB 1TB HDD+256GB SSD Intel Iris Xe Graphics WIN10 Pro Grey With Free Lenovo Wireless Mouse,"1,999",2.3,4,https://www.amazon.ae/Lenovo-ThinkBook-Business-Anti-Glare-i5-1135G7/dp/B093X2XCT3
2022 Latest Lenovo ThinkPad E15 Gen 4 Business Laptop 15.6” FHD 300Nits Display 12thGen Core i7-1255u 16GB 512GB Intel Iris Xe Graphics FingerPrint WIN11 Pro Black Free Pro HT Action Camera,"3,395",4.1,6,https://www.amazon.ae/Lenovo-ThinkPad-Business-i7-1255u-FingerPrint/dp/B0BFLDK9HY
"Lenovo ThinkPad E15 15.6"" Laptop: Intel 10th Gen i7-10510U Quad-Core, 16GB RAM, 512GB NVMe SSD, 15.6"" FHD 1920x1080 IPS Display, Fingerprint, Win 10 Pro, Black","3,110",4.1,6,https://www.amazon.ae/Lenovo-ThinkPad-E15-15-6-Laptop/dp/B083P6ZGTB
2022 Latest Lenovo ThinkBook 15G2 Business Laptop 15.6” FHD Anti-Glare Display Core i7-1165G7 Upto 4.7GHz 16GB 1TB HDD+1TB SSD Intel Iris Xe Graphics WIN11 Pro Grey With Free Pro HT Action Camera,"2,885",1.5,2,https://www.amazon.ae/Lenovo-ThinkBook-Business-Anti-Glare-i7-1165G7/dp/B09V7G371T
"2021 Latest Lenovo ThinkPad E15 Gen 2 Laptop 15.6"" FHD Anti Glare Display Core I7-1165G7 Upto 4.7GHz 16GB 512GB SSD Intel Iris Xe Graphics Fingerprint Eng-Arb Key WIN10 Pro Black","3,007",3.2,2,https://www.amazon.ae/Lenovo-ThinkPad-I7-1165G7-Graphics-Fingerprint/dp/B08PMC8FWT
2022 Latest Lenovo ThinkPad E15 Gen 4 Business Laptop 15.6” FHD 300Nits Display 12thGen Core i5-1235u 16GB 512GB Intel Iris Xe Graphics FingerPrint WIN11 Pro Black With Free WIRLESS Bluetooth Headset,"2,711",3.3,5,https://www.amazon.ae/Lenovo-ThinkPad-Business-FingerPrint-Bluetooth/dp/B0B8PCCWP8
2022 Latest Lenovo ThinkPad E15 Gen 4 Business Laptop 15.6” FHD 300Nits Display 12thGen Core i7-1255u 16GB 512GB Intel Iris Xe Graphics FingerPrint WIN11 Pro Black With Free WIRELESS Bluetooth Headset,"3,143",2.6,7,https://www.amazon.ae/Lenovo-ThinkPad-Business-FingerPrint-Bluetooth/dp/B0B9K825N3
2022 Latest Lenovo ThinkBook 15 G2 Business Laptop 15.6” FHD Display Core i5-1135G7 16GB 1TB HDD+1TB SSD Intel Iris Xe Graphics WIN11 Pro Grey With Free Pro HT Bluetooth Headset,"2,067",2.7,1,https://www.amazon.ae/Lenovo-ThinkBook-Business-i5-1135G7-Bluetooth/dp/B0B82X29FV
"Lenovo ThinkPad E15 Business Laptop (2022 Model), 15.6"" FHD IPS Display, Intel Core i5-1135G7, Intel Iris Xe Graphics, 16GB RAM, 512GB PCIe SSD, Backlit Keyboard, Fingerprint Reader, WIFI 6, Win10 Pro","2,930",3.2,8,https://www.amazon.ae/Lenovo-ThinkPad-E15-i5-1135G7-Fingerprint/dp/B09LRJHD11
2022 Latest Lenovo ThinkBook 15 G2 Business Laptop 15.6” FHD Anti-Glare Display Core i5-1135G7 16GB 1TB HDD+ 256GB SSD Intel Iris Xe Graphics WIN11 Pro Grey,"1,730",2.1,3,https://www.amazon.ae/Lenovo-ThinkBook-Business-Anti-Glare-i5-1135G7/dp/B09X3KJWZ9
2022 Latest Lenovo ThinkBook 15 G2 Business Laptop 15.6” FHD Anti-Glare Display Core i5-1135G7 Upto 4.2GHz 16GB 1TB HDD+256GB SSD Intel Iris Xe Graphics WIN10 Pro Grey With Free Lenovo Wireless Mouse,"1,999",2.3,4,https://www.amazon.ae/Lenovo-ThinkBook-Business-Anti-Glare-i5-1135G7/dp/B093X2XCT3
2022 Latest Lenovo ThinkPad E15 Gen 4 Business Laptop 15.6” FHD 300Nits Display 12thGen Core i7-1255u 16GB 512GB Intel Iris Xe Graphics FingerPrint WIN11 Pro Black Free Pro HT Action Camera,"3,395",4.1,6,https://www.amazon.ae/Lenovo-ThinkPad-Business-i7-1255u-FingerPrint/dp/B0BFLDK9HY
"Lenovo ThinkPad E15 15.6"" Laptop: Intel 10th Gen i7-10510U Quad-Core, 16GB RAM, 512GB NVMe SSD, 15.6"" FHD 1920x1080 IPS Display, Fingerprint, Win 10 Pro, Black","3,110",4.1,6,https://www.amazon.ae/Lenovo-ThinkPad-E15-15-6-Laptop/dp/B083P6ZGTB
2022 Latest Lenovo ThinkBook 15G2 Business Laptop 15.6” FHD Anti-Glare Display Core i7-1165G7 Upto 4.7GHz 16GB 1TB HDD+1TB SSD Intel Iris Xe Graphics WIN11 Pro Grey With Free Pro HT Action Camera,"2,885",1.5,2,https://www.amazon.ae/Lenovo-ThinkBook-Business-Anti-Glare-i7-1165G7/dp/B09V7G371T
"2021 Latest Lenovo ThinkPad E15 Gen 2 Laptop 15.6"" FHD Anti Glare Display Core I7-1165G7 Upto 4.7GHz 16GB 512GB SSD Intel Iris Xe Graphics Fingerprint Eng-Arb Key WIN10 Pro Black","3,007",3.2,2,https://www.amazon.ae/Lenovo-ThinkPad-I7-1165G7-Graphics-Fingerprint/dp/B08PMC8FWT
"2020 Lenovo ThinkPad E15 Business Laptop, 15.6"" FHD Display, Intel Core i5-10210U Upto 4.2GHz, 16GB RAM, 512GB NVMe SSD HDMI, DisplayPort via USB-C, Wi-Fi, Bluetooth, Eng Keyboard Windows 10 Pro…","2,995",1.0,1,https://www.amazon.ae/Lenovo-ThinkPad-i5-10210U-DisplayPort-Bluetooth/dp/B08CY2TKS6
2022 Latest Lenovo ThinkPad E15 Gen 4 Business Laptop 15.6” FHD 300Nits Display 12thGen Core i5-1235u 16GB 512GB Intel Iris Xe Graphics FingerPrint WIN11 Pro Black With Free WIRLESS Bluetooth Headset,"2,711",3.3,5,https://www.amazon.ae/Lenovo-ThinkPad-Business-FingerPrint-Bluetooth/dp/B0B8PCCWP8
2022 Latest Lenovo ThinkPad E15 Gen 4 Business Laptop 15.6” FHD 300Nits Display 12thGen Core i7-1255u 16GB 512GB Intel Iris Xe Graphics FingerPrint WIN11 Pro Black With Free WIRELESS Bluetooth Headset,"3,143",2.6,7,https://www.amazon.ae/Lenovo-ThinkPad-Business-FingerPrint-Bluetooth/dp/B0B9K825N3
2022 Latest Lenovo ThinkBook 15 G2 Business Laptop 15.6” FHD Display Core i5-1135G7 16GB 1TB HDD+1TB SSD Intel Iris Xe Graphics WIN11 Pro Grey With Free Pro HT Bluetooth Headset,"2,067",2.7,1,https://www.amazon.ae/Lenovo-ThinkBook-Business-i5-1135G7-Bluetooth/dp/B0B82X29FV
"Lenovo ThinkPad E15 Business Laptop (2022 Model), 15.6"" FHD IPS Display, Intel Core i5-1135G7, Intel Iris Xe Graphics, 16GB RAM, 512GB PCIe SSD, Backlit Keyboard, Fingerprint Reader, WIFI 6, Win10 Pro","2,930",3.2,8,https://www.amazon.ae/Lenovo-ThinkPad-E15-i5-1135G7-Fingerprint/dp/B09LRJHD11
2022 Latest Lenovo ThinkBook 15 G2 Business Laptop 15.6” FHD Anti-Glare Display Core i5-1135G7 16GB 1TB HDD+ 256GB SSD Intel Iris Xe Graphics WIN11 Pro Grey,"1,730",2.1,3,https://www.amazon.ae/Lenovo-ThinkBook-Business-Anti-Glare-i5-1135G7/dp/B09X3KJWZ9
2022 Latest Lenovo ThinkBook 15 G2 Business Laptop 15.6” FHD Anti-Glare Display Core i5-1135G7 Upto 4.2GHz 16GB 1TB HDD+256GB SSD Intel Iris Xe Graphics WIN10 Pro Grey With Free Lenovo Wireless Mouse,"1,999",2.3,4,https://www.amazon.ae/Lenovo-ThinkBook-Business-Anti-Glare-i5-1135G7/dp/B093X2XCT3
2022 Latest Lenovo ThinkPad E15 Gen 4 Business Laptop 15.6” FHD 300Nits Display 12thGen Core i7-1255u 16GB 512GB Intel Iris Xe Graphics FingerPrint WIN11 Pro Black Free Pro HT Action Camera,"3,395",4.1,6,https://www.amazon.ae/Lenovo-ThinkPad-Business-i7-1255u-FingerPrint/dp/B0BFLDK9HY
"Lenovo ThinkPad E15 15.6"" Laptop: Intel 10th Gen i7-10510U Quad-Core, 16GB RAM, 512GB NVMe SSD, 15.6"" FHD 1920x1080 IPS Display, Fingerprint, Win 10 Pro, Black","3,110",4.1,6,https://www.amazon.ae/Lenovo-ThinkPad-E15-15-6-Laptop/dp/B083P6ZGTB
2022 Latest Lenovo ThinkBook 15G2 Business Laptop 15.6” FHD Anti-Glare Display Core i7-1165G7 Upto 4.7GHz 16GB 1TB HDD+1TB SSD Intel Iris Xe Graphics WIN11 Pro Grey With Free Pro HT Action Camera,"2,885",1.5,2,https://www.amazon.ae/Lenovo-ThinkBook-Business-Anti-Glare-i7-1165G7/dp/B09V7G371T
"2021 Latest Lenovo ThinkPad E15 Gen 2 Laptop 15.6"" FHD Anti Glare Display Core I7-1165G7 Upto 4.7GHz 16GB 512GB SSD Intel Iris Xe Graphics Fingerprint Eng-Arb Key WIN10 Pro Black","3,007",3.2,2,https://www.amazon.ae/Lenovo-ThinkPad-I7-1165G7-Graphics-Fingerprint/dp/B08PMC8FWT
"2020 Lenovo ThinkPad E15 Business Laptop, 15.6"" FHD Display, Intel Core i5-10210U Upto 4.2GHz, 16GB RAM, 512GB NVMe SSD HDMI, DisplayPort via USB-C, Wi-Fi, Bluetooth, Eng Keyboard Windows 10 Pro…","2,995",1.0,1,https://www.amazon.ae/Lenovo-ThinkPad-i5-10210U-DisplayPort-Bluetooth/dp/B08CY2TKS6
"2020 Lenovo ThinkPad E15 15.6â€ FHD Business Laptop Computer, 10th gen Intel i5-10210U (up to 4.20GHz), 16GB RAM, 256GB SSD, WiFi HDMI Win10 Pro","2,808",4.3,2,https://www.amazon.ae/Lenovo-ThinkPad-Business-Computer-i5-10210U/dp/B089CKM13Q
2022 Latest Lenovo ThinkPad E15 Gen 4 Business Laptop 15.6” FHD 300Nits Display 12thGen Core i5-1235u 16GB 512GB Intel Iris Xe Graphics FingerPrint WIN11 Pro Black With Free WIRLESS Bluetooth Headset,"2,711",3.3,5,https://www.amazon.ae/Lenovo-ThinkPad-Business-FingerPrint-Bluetooth/dp/B0B8PCCWP8
2022 Latest Lenovo ThinkPad E15 Gen 4 Business Laptop 15.6” FHD 300Nits Display 12thGen Core i7-1255u 16GB 512GB Intel Iris Xe Graphics FingerPrint WIN11 Pro Black With Free WIRELESS Bluetooth Headset,"3,143",2.6,7,https://www.amazon.ae/Lenovo-ThinkPad-Business-FingerPrint-Bluetooth/dp/B0B9K825N3
2022 Latest Lenovo ThinkBook 15 G2 Business Laptop 15.6” FHD Display Core i5-1135G7 16GB 1TB HDD+1TB SSD Intel Iris Xe Graphics WIN11 Pro Grey With Free Pro HT Bluetooth Headset,"2,067",2.7,1,https://www.amazon.ae/Lenovo-ThinkBook-Business-i5-1135G7-Bluetooth/dp/B0B82X29FV
"Lenovo ThinkPad E15 Business Laptop (2022 Model), 15.6"" FHD IPS Display, Intel Core i5-1135G7, Intel Iris Xe Graphics, 16GB RAM, 512GB PCIe SSD, Backlit Keyboard, Fingerprint Reader, WIFI 6, Win10 Pro","2,930",3.2,8,https://www.amazon.ae/Lenovo-ThinkPad-E15-i5-1135G7-Fingerprint/dp/B09LRJHD11
2022 Latest Lenovo ThinkBook 15 G2 Business Laptop 15.6” FHD Anti-Glare Display Core i5-1135G7 16GB 1TB HDD+ 256GB SSD Intel Iris Xe Graphics WIN11 Pro Grey,"1,730",2.1,3,https://www.amazon.ae/Lenovo-ThinkBook-Business-Anti-Glare-i5-1135G7/dp/B09X3KJWZ9
2022 Latest Lenovo ThinkBook 15 G2 Business Laptop 15.6” FHD Anti-Glare Display Core i5-1135G7 Upto 4.2GHz 16GB 1TB HDD+256GB SSD Intel Iris Xe Graphics WIN10 Pro Grey With Free Lenovo Wireless Mouse,"1,999",2.3,4,https://www.amazon.ae/Lenovo-ThinkBook-Business-Anti-Glare-i5-1135G7/dp/B093X2XCT3
2022 Latest Lenovo ThinkPad E15 Gen 4 Business Laptop 15.6” FHD 300Nits Display 12thGen Core i7-1255u 16GB 512GB Intel Iris Xe Graphics FingerPrint WIN11 Pro Black Free Pro HT Action Camera,"3,395",4.1,6,https://www.amazon.ae/Lenovo-ThinkPad-Business-i7-1255u-FingerPrint/dp/B0BFLDK9HY
"Lenovo ThinkPad E15 15.6"" Laptop: Intel 10th Gen i7-10510U Quad-Core, 16GB RAM, 512GB NVMe SSD, 15.6"" FHD 1920x1080 IPS Display, Fingerprint, Win 10 Pro, Black","3,110",4.1,6,https://www.amazon.ae/Lenovo-ThinkPad-E15-15-6-Laptop/dp/B083P6ZGTB
2022 Latest Lenovo ThinkBook 15G2 Business Laptop 15.6” FHD Anti-Glare Display Core i7-1165G7 Upto 4.7GHz 16GB 1TB HDD+1TB SSD Intel Iris Xe Graphics WIN11 Pro Grey With Free Pro HT Action Camera,"2,885",1.5,2,https://www.amazon.ae/Lenovo-ThinkBook-Business-Anti-Glare-i7-1165G7/dp/B09V7G371T
"2021 Latest Lenovo ThinkPad E15 Gen 2 Laptop 15.6"" FHD Anti Glare Display Core I7-1165G7 Upto 4.7GHz 16GB 512GB SSD Intel Iris Xe Graphics Fingerprint Eng-Arb Key WIN10 Pro Black","3,007",3.2,2,https://www.amazon.ae/Lenovo-ThinkPad-I7-1165G7-Graphics-Fingerprint/dp/B08PMC8FWT
"2020 Lenovo ThinkPad E15 Business Laptop, 15.6"" FHD Display, Intel Core i5-10210U Upto 4.2GHz, 16GB RAM, 512GB NVMe SSD HDMI, DisplayPort via USB-C, Wi-Fi, Bluetooth, Eng Keyboard Windows 10 Pro…","2,995",1.0,1,https://www.amazon.ae/Lenovo-ThinkPad-i5-10210U-DisplayPort-Bluetooth/dp/B08CY2TKS6
"2020 Lenovo ThinkPad E15 15.6â€ FHD Business Laptop Computer, 10th gen Intel i5-10210U (up to 4.20GHz), 16GB RAM, 256GB SSD, WiFi HDMI Win10 Pro","2,808",4.3,2,https://www.amazon.ae/Lenovo-ThinkPad-Business-Computer-i5-10210U/dp/B089CKM13Q
"Lenovo Yoga 7i 16'' 2-in-1 Laptop 16"" 2.5K IPS Touchscreen 400 nits, 12th Gen Intel 12-Core i7-1260P 16GB RAM 1TB SSD Iris Xe Graphics, Fingerprint , Thunderbolt, Windows11 Home +Zipnology Cloth -New","4,395",5.0,1,https://www.amazon.ae/Lenovo-Touchscreen-Fingerprint-Thunderbolt-Windows11/dp/B0BLY7SBC7
2022 Latest Lenovo ThinkPad E15 Gen 4 Business Laptop 15.6” FHD 300Nits Display 12thGen Core i5-1235u 16GB 512GB Intel Iris Xe Graphics FingerPrint WIN11 Pro Black With Free WIRLESS Bluetooth Headset,"2,711",3.3,5,https://www.amazon.ae/Lenovo-ThinkPad-Business-FingerPrint-Bluetooth/dp/B0B8PCCWP8
2022 Latest Lenovo ThinkPad E15 Gen 4 Business Laptop 15.6” FHD 300Nits Display 12thGen Core i7-1255u 16GB 512GB Intel Iris Xe Graphics FingerPrint WIN11 Pro Black With Free WIRELESS Bluetooth Headset,"3,143",2.6,7,https://www.amazon.ae/Lenovo-ThinkPad-Business-FingerPrint-Bluetooth/dp/B0B9K825N3
2022 Latest Lenovo ThinkBook 15 G2 Business Laptop 15.6” FHD Display Core i5-1135G7 16GB 1TB HDD+1TB SSD Intel Iris Xe Graphics WIN11 Pro Grey With Free Pro HT Bluetooth Headset,"2,067",2.7,1,https://www.amazon.ae/Lenovo-ThinkBook-Business-i5-1135G7-Bluetooth/dp/B0B82X29FV
"Lenovo ThinkPad E15 Business Laptop (2022 Model), 15.6"" FHD IPS Display, Intel Core i5-1135G7, Intel Iris Xe Graphics, 16GB RAM, 512GB PCIe SSD, Backlit Keyboard, Fingerprint Reader, WIFI 6, Win10 Pro","2,930",3.2,8,https://www.amazon.ae/Lenovo-ThinkPad-E15-i5-1135G7-Fingerprint/dp/B09LRJHD11
2022 Latest Lenovo ThinkBook 15 G2 Business Laptop 15.6” FHD Anti-Glare Display Core i5-1135G7 16GB 1TB HDD+ 256GB SSD Intel Iris Xe Graphics WIN11 Pro Grey,"1,730",2.1,3,https://www.amazon.ae/Lenovo-ThinkBook-Business-Anti-Glare-i5-1135G7/dp/B09X3KJWZ9
2022 Latest Lenovo ThinkBook 15 G2 Business Laptop 15.6” FHD Anti-Glare Display Core i5-1135G7 Upto 4.2GHz 16GB 1TB HDD+256GB SSD Intel Iris Xe Graphics WIN10 Pro Grey With Free Lenovo Wireless Mouse,"1,999",2.3,4,https://www.amazon.ae/Lenovo-ThinkBook-Business-Anti-Glare-i5-1135G7/dp/B093X2XCT3
2022 Latest Lenovo ThinkPad E15 Gen 4 Business Laptop 15.6” FHD 300Nits Display 12thGen Core i7-1255u 16GB 512GB Intel Iris Xe Graphics FingerPrint WIN11 Pro Black Free Pro HT Action Camera,"3,395",4.1,6,https://www.amazon.ae/Lenovo-ThinkPad-Business-i7-1255u-FingerPrint/dp/B0BFLDK9HY
"Lenovo ThinkPad E15 15.6"" Laptop: Intel 10th Gen i7-10510U Quad-Core, 16GB RAM, 512GB NVMe SSD, 15.6"" FHD 1920x1080 IPS Display, Fingerprint, Win 10 Pro, Black","3,110",4.1,6,https://www.amazon.ae/Lenovo-ThinkPad-E15-15-6-Laptop/dp/B083P6ZGTB
2022 Latest Lenovo ThinkBook 15G2 Business Laptop 15.6” FHD Anti-Glare Display Core i7-1165G7 Upto 4.7GHz 16GB 1TB HDD+1TB SSD Intel Iris Xe Graphics WIN11 Pro Grey With Free Pro HT Action Camera,"2,885",1.5,2,https://www.amazon.ae/Lenovo-ThinkBook-Business-Anti-Glare-i7-1165G7/dp/B09V7G371T
"2021 Latest Lenovo ThinkPad E15 Gen 2 Laptop 15.6"" FHD Anti Glare Display Core I7-1165G7 Upto 4.7GHz 16GB 512GB SSD Intel Iris Xe Graphics Fingerprint Eng-Arb Key WIN10 Pro Black","3,007",3.2,2,https://www.amazon.ae/Lenovo-ThinkPad-I7-1165G7-Graphics-Fingerprint/dp/B08PMC8FWT
"2020 Lenovo ThinkPad E15 Business Laptop, 15.6"" FHD Display, Intel Core i5-10210U Upto 4.2GHz, 16GB RAM, 512GB NVMe SSD HDMI, DisplayPort via USB-C, Wi-Fi, Bluetooth, Eng Keyboard Windows 10 Pro…","2,995",1.0,1,https://www.amazon.ae/Lenovo-ThinkPad-i5-10210U-DisplayPort-Bluetooth/dp/B08CY2TKS6
"2020 Lenovo ThinkPad E15 15.6â€ FHD Business Laptop Computer, 10th gen Intel i5-10210U (up to 4.20GHz), 16GB RAM, 256GB SSD, WiFi HDMI Win10 Pro","2,808",4.3,2,https://www.amazon.ae/Lenovo-ThinkPad-Business-Computer-i5-10210U/dp/B089CKM13Q
"Lenovo Yoga 7i 16'' 2-in-1 Laptop 16"" 2.5K IPS Touchscreen 400 nits, 12th Gen Intel 12-Core i7-1260P 16GB RAM 1TB SSD Iris Xe Graphics, Fingerprint , Thunderbolt, Windows11 Home +Zipnology Cloth -New","4,395",5.0,1,https://www.amazon.ae/Lenovo-Touchscreen-Fingerprint-Thunderbolt-Windows11/dp/B0BLY7SBC7
"2022 Latest Lenovo ThinkPad E15 Gen 2 Business Laptop 15.6"" FHD Display Core i7-1165G7 16GB 1TB SSD NVIDIA MX450 2GB Graphics Fingerprint WIN11 PRO Black With Free Pro HT Action Camera","3,999",5.0,1,https://www.amazon.ae/Lenovo-ThinkPad-Business-i7-1165G7-Fingerprint/dp/B0B42Y9VHV
2022 Latest Lenovo ThinkPad E15 Gen 4 Business Laptop 15.6” FHD 300Nits Display 12thGen Core i5-1235u 16GB 512GB Intel Iris Xe Graphics FingerPrint WIN11 Pro Black With Free WIRLESS Bluetooth Headset,"2,711",3.3,5,https://www.amazon.ae/Lenovo-ThinkPad-Business-FingerPrint-Bluetooth/dp/B0B8PCCWP8
2022 Latest Lenovo ThinkPad E15 Gen 4 Business Laptop 15.6” FHD 300Nits Display 12thGen Core i7-1255u 16GB 512GB Intel Iris Xe Graphics FingerPrint WIN11 Pro Black With Free WIRELESS Bluetooth Headset,"3,143",2.6,7,https://www.amazon.ae/Lenovo-ThinkPad-Business-FingerPrint-Bluetooth/dp/B0B9K825N3
2022 Latest Lenovo ThinkBook 15 G2 Business Laptop 15.6” FHD Display Core i5-1135G7 16GB 1TB HDD+1TB SSD Intel Iris Xe Graphics WIN11 Pro Grey With Free Pro HT Bluetooth Headset,"2,067",2.7,1,https://www.amazon.ae/Lenovo-ThinkBook-Business-i5-1135G7-Bluetooth/dp/B0B82X29FV
"Lenovo ThinkPad E15 Business Laptop (2022 Model), 15.6"" FHD IPS Display, Intel Core i5-1135G7, Intel Iris Xe Graphics, 16GB RAM, 512GB PCIe SSD, Backlit Keyboard, Fingerprint Reader, WIFI 6, Win10 Pro","2,930",3.2,8,https://www.amazon.ae/Lenovo-ThinkPad-E15-i5-1135G7-Fingerprint/dp/B09LRJHD11
2022 Latest Lenovo ThinkBook 15 G2 Business Laptop 15.6” FHD Anti-Glare Display Core i5-1135G7 16GB 1TB HDD+ 256GB SSD Intel Iris Xe Graphics WIN11 Pro Grey,"1,730",2.1,3,https://www.amazon.ae/Lenovo-ThinkBook-Business-Anti-Glare-i5-1135G7/dp/B09X3KJWZ9
2022 Latest Lenovo ThinkBook 15 G2 Business Laptop 15.6” FHD Anti-Glare Display Core i5-1135G7 Upto 4.2GHz 16GB 1TB HDD+256GB SSD Intel Iris Xe Graphics WIN10 Pro Grey With Free Lenovo Wireless Mouse,"1,999",2.3,4,https://www.amazon.ae/Lenovo-ThinkBook-Business-Anti-Glare-i5-1135G7/dp/B093X2XCT3
2022 Latest Lenovo ThinkPad E15 Gen 4 Business Laptop 15.6” FHD 300Nits Display 12thGen Core i7-1255u 16GB 512GB Intel Iris Xe Graphics FingerPrint WIN11 Pro Black Free Pro HT Action Camera,"3,395",4.1,6,https://www.amazon.ae/Lenovo-ThinkPad-Business-i7-1255u-FingerPrint/dp/B0BFLDK9HY
"Lenovo ThinkPad E15 15.6"" Laptop: Intel 10th Gen i7-10510U Quad-Core, 16GB RAM, 512GB NVMe SSD, 15.6"" FHD 1920x1080 IPS Display, Fingerprint, Win 10 Pro, Black","3,110",4.1,6,https://www.amazon.ae/Lenovo-ThinkPad-E15-15-6-Laptop/dp/B083P6ZGTB
2022 Latest Lenovo ThinkBook 15G2 Business Laptop 15.6” FHD Anti-Glare Display Core i7-1165G7 Upto 4.7GHz 16GB 1TB HDD+1TB SSD Intel Iris Xe Graphics WIN11 Pro Grey With Free Pro HT Action Camera,"2,885",1.5,2,https://www.amazon.ae/Lenovo-ThinkBook-Business-Anti-Glare-i7-1165G7/dp/B09V7G371T
"2021 Latest Lenovo ThinkPad E15 Gen 2 Laptop 15.6"" FHD Anti Glare Display Core I7-1165G7 Upto 4.7GHz 16GB 512GB SSD Intel Iris Xe Graphics Fingerprint Eng-Arb Key WIN10 Pro Black","3,007",3.2,2,https://www.amazon.ae/Lenovo-ThinkPad-I7-1165G7-Graphics-Fingerprint/dp/B08PMC8FWT
"2020 Lenovo ThinkPad E15 Business Laptop, 15.6"" FHD Display, Intel Core i5-10210U Upto 4.2GHz, 16GB RAM, 512GB NVMe SSD HDMI, DisplayPort via USB-C, Wi-Fi, Bluetooth, Eng Keyboard Windows 10 Pro…","2,995",1.0,1,https://www.amazon.ae/Lenovo-ThinkPad-i5-10210U-DisplayPort-Bluetooth/dp/B08CY2TKS6
"2020 Lenovo ThinkPad E15 15.6â€ FHD Business Laptop Computer, 10th gen Intel i5-10210U (up to 4.20GHz), 16GB RAM, 256GB SSD, WiFi HDMI Win10 Pro","2,808",4.3,2,https://www.amazon.ae/Lenovo-ThinkPad-Business-Computer-i5-10210U/dp/B089CKM13Q
"Lenovo Yoga 7i 16'' 2-in-1 Laptop 16"" 2.5K IPS Touchscreen 400 nits, 12th Gen Intel 12-Core i7-1260P 16GB RAM 1TB SSD Iris Xe Graphics, Fingerprint , Thunderbolt, Windows11 Home +Zipnology Cloth -New","4,395",5.0,1,https://www.amazon.ae/Lenovo-Touchscreen-Fingerprint-Thunderbolt-Windows11/dp/B0BLY7SBC7
"2022 Latest Lenovo ThinkPad E15 Gen 2 Business Laptop 15.6"" FHD Display Core i7-1165G7 16GB 1TB SSD NVIDIA MX450 2GB Graphics Fingerprint WIN11 PRO Black With Free Pro HT Action Camera","3,999",5.0,1,https://www.amazon.ae/Lenovo-ThinkPad-Business-i7-1165G7-Fingerprint/dp/B0B42Y9VHV
"Latest Lenovo IdeaPad Flex 5 15IIL05 2 in 1 Laptop 15.6"" FHD (1920 x 1080) IPS Touchscreen Intel 4-Core i7-1065G7 (1.3/3.9 GHz) 16GB DDR4 RAM 1TB PCIe SSD Fingerprint Win 10 Home - Graphite Grey","4,115",4.4,3,https://www.amazon.ae/Lenovo-IdeaPad-Touchscreen-i7-1065G7-Fingerprint/dp/B08YKHLYC1
2022 Latest Lenovo ThinkPad E15 Gen 4 Business Laptop 15.6” FHD 300Nits Display 12thGen Core i5-1235u 16GB 512GB Intel Iris Xe Graphics FingerPrint WIN11 Pro Black With Free WIRLESS Bluetooth Headset,"2,711",3.3,5,https://www.amazon.ae/Lenovo-ThinkPad-Business-FingerPrint-Bluetooth/dp/B0B8PCCWP8
2022 Latest Lenovo ThinkPad E15 Gen 4 Business Laptop 15.6” FHD 300Nits Display 12thGen Core i7-1255u 16GB 512GB Intel Iris Xe Graphics FingerPrint WIN11 Pro Black With Free WIRELESS Bluetooth Headset,"3,143",2.6,7,https://www.amazon.ae/Lenovo-ThinkPad-Business-FingerPrint-Bluetooth/dp/B0B9K825N3
2022 Latest Lenovo ThinkBook 15 G2 Business Laptop 15.6” FHD Display Core i5-1135G7 16GB 1TB HDD+1TB SSD Intel Iris Xe Graphics WIN11 Pro Grey With Free Pro HT Bluetooth Headset,"2,067",2.7,1,https://www.amazon.ae/Lenovo-ThinkBook-Business-i5-1135G7-Bluetooth/dp/B0B82X29FV
"Lenovo ThinkPad E15 Business Laptop (2022 Model), 15.6"" FHD IPS Display, Intel Core i5-1135G7, Intel Iris Xe Graphics, 16GB RAM, 512GB PCIe SSD, Backlit Keyboard, Fingerprint Reader, WIFI 6, Win10 Pro","2,930",3.2,8,https://www.amazon.ae/Lenovo-ThinkPad-E15-i5-1135G7-Fingerprint/dp/B09LRJHD11
2022 Latest Lenovo ThinkBook 15 G2 Business Laptop 15.6” FHD Anti-Glare Display Core i5-1135G7 16GB 1TB HDD+ 256GB SSD Intel Iris Xe Graphics WIN11 Pro Grey,"1,730",2.1,3,https://www.amazon.ae/Lenovo-ThinkBook-Business-Anti-Glare-i5-1135G7/dp/B09X3KJWZ9
2022 Latest Lenovo ThinkBook 15 G2 Business Laptop 15.6” FHD Anti-Glare Display Core i5-1135G7 Upto 4.2GHz 16GB 1TB HDD+256GB SSD Intel Iris Xe Graphics WIN10 Pro Grey With Free Lenovo Wireless Mouse,"1,999",2.3,4,https://www.amazon.ae/Lenovo-ThinkBook-Business-Anti-Glare-i5-1135G7/dp/B093X2XCT3
2022 Latest Lenovo ThinkPad E15 Gen 4 Business Laptop 15.6” FHD 300Nits Display 12thGen Core i7-1255u 16GB 512GB Intel Iris Xe Graphics FingerPrint WIN11 Pro Black Free Pro HT Action Camera,"3,395",4.1,6,https://www.amazon.ae/Lenovo-ThinkPad-Business-i7-1255u-FingerPrint/dp/B0BFLDK9HY
"Lenovo ThinkPad E15 15.6"" Laptop: Intel 10th Gen i7-10510U Quad-Core, 16GB RAM, 512GB NVMe SSD, 15.6"" FHD 1920x1080 IPS Display, Fingerprint, Win 10 Pro, Black","3,110",4.1,6,https://www.amazon.ae/Lenovo-ThinkPad-E15-15-6-Laptop/dp/B083P6ZGTB
2022 Latest Lenovo ThinkBook 15G2 Business Laptop 15.6” FHD Anti-Glare Display Core i7-1165G7 Upto 4.7GHz 16GB 1TB HDD+1TB SSD Intel Iris Xe Graphics WIN11 Pro Grey With Free Pro HT Action Camera,"2,885",1.5,2,https://www.amazon.ae/Lenovo-ThinkBook-Business-Anti-Glare-i7-1165G7/dp/B09V7G371T
"2021 Latest Lenovo ThinkPad E15 Gen 2 Laptop 15.6"" FHD Anti Glare Display Core I7-1165G7 Upto 4.7GHz 16GB 512GB SSD Intel Iris Xe Graphics Fingerprint Eng-Arb Key WIN10 Pro Black","3,007",3.2,2,https://www.amazon.ae/Lenovo-ThinkPad-I7-1165G7-Graphics-Fingerprint/dp/B08PMC8FWT
"2020 Lenovo ThinkPad E15 Business Laptop, 15.6"" FHD Display, Intel Core i5-10210U Upto 4.2GHz, 16GB RAM, 512GB NVMe SSD HDMI, DisplayPort via USB-C, Wi-Fi, Bluetooth, Eng Keyboard Windows 10 Pro…","2,995",1.0,1,https://www.amazon.ae/Lenovo-ThinkPad-i5-10210U-DisplayPort-Bluetooth/dp/B08CY2TKS6
"2020 Lenovo ThinkPad E15 15.6â€ FHD Business Laptop Computer, 10th gen Intel i5-10210U (up to 4.20GHz), 16GB RAM, 256GB SSD, WiFi HDMI Win10 Pro","2,808",4.3,2,https://www.amazon.ae/Lenovo-ThinkPad-Business-Computer-i5-10210U/dp/B089CKM13Q
"Lenovo Yoga 7i 16'' 2-in-1 Laptop 16"" 2.5K IPS Touchscreen 400 nits, 12th Gen Intel 12-Core i7-1260P 16GB RAM 1TB SSD Iris Xe Graphics, Fingerprint , Thunderbolt, Windows11 Home +Zipnology Cloth -New","4,395",5.0,1,https://www.amazon.ae/Lenovo-Touchscreen-Fingerprint-Thunderbolt-Windows11/dp/B0BLY7SBC7
"2022 Latest Lenovo ThinkPad E15 Gen 2 Business Laptop 15.6"" FHD Display Core i7-1165G7 16GB 1TB SSD NVIDIA MX450 2GB Graphics Fingerprint WIN11 PRO Black With Free Pro HT Action Camera","3,999",5.0,1,https://www.amazon.ae/Lenovo-ThinkPad-Business-i7-1165G7-Fingerprint/dp/B0B42Y9VHV
"Latest Lenovo IdeaPad Flex 5 15IIL05 2 in 1 Laptop 15.6"" FHD (1920 x 1080) IPS Touchscreen Intel 4-Core i7-1065G7 (1.3/3.9 GHz) 16GB DDR4 RAM 1TB PCIe SSD Fingerprint Win 10 Home - Graphite Grey","4,115",4.4,3,https://www.amazon.ae/Lenovo-IdeaPad-Touchscreen-i7-1065G7-Fingerprint/dp/B08YKHLYC1
"Lenovo Yoga Chromebook C630 15.6 Inch UHD Laptop - ( Intel Core i7-8550U, 16GB RAM, 128GB SSD, Chrome OS) - Midnight Blue","2,357",3.8,3,https://www.amazon.ae/Lenovo-Yoga-Chromebook-C630-Laptop/dp/B0B9GSHTP4
2022 Latest Lenovo ThinkPad E15 Gen 4 Business Laptop 15.6” FHD 300Nits Display 12thGen Core i5-1235u 16GB 512GB Intel Iris Xe Graphics FingerPrint WIN11 Pro Black With Free WIRLESS Bluetooth Headset,"2,711",3.3,5,https://www.amazon.ae/Lenovo-ThinkPad-Business-FingerPrint-Bluetooth/dp/B0B8PCCWP8
2022 Latest Lenovo ThinkPad E15 Gen 4 Business Laptop 15.6” FHD 300Nits Display 12thGen Core i7-1255u 16GB 512GB Intel Iris Xe Graphics FingerPrint WIN11 Pro Black With Free WIRELESS Bluetooth Headset,"3,143",2.6,7,https://www.amazon.ae/Lenovo-ThinkPad-Business-FingerPrint-Bluetooth/dp/B0B9K825N3
2022 Latest Lenovo ThinkBook 15 G2 Business Laptop 15.6” FHD Display Core i5-1135G7 16GB 1TB HDD+1TB SSD Intel Iris Xe Graphics WIN11 Pro Grey With Free Pro HT Bluetooth Headset,"2,067",2.7,1,https://www.amazon.ae/Lenovo-ThinkBook-Business-i5-1135G7-Bluetooth/dp/B0B82X29FV
"Lenovo ThinkPad E15 Business Laptop (2022 Model), 15.6"" FHD IPS Display, Intel Core i5-1135G7, Intel Iris Xe Graphics, 16GB RAM, 512GB PCIe SSD, Backlit Keyboard, Fingerprint Reader, WIFI 6, Win10 Pro","2,930",3.2,8,https://www.amazon.ae/Lenovo-ThinkPad-E15-i5-1135G7-Fingerprint/dp/B09LRJHD11
2022 Latest Lenovo ThinkBook 15 G2 Business Laptop 15.6” FHD Anti-Glare Display Core i5-1135G7 16GB 1TB HDD+ 256GB SSD Intel Iris Xe Graphics WIN11 Pro Grey,"1,730",2.1,3,https://www.amazon.ae/Lenovo-ThinkBook-Business-Anti-Glare-i5-1135G7/dp/B09X3KJWZ9
2022 Latest Lenovo ThinkBook 15 G2 Business Laptop 15.6” FHD Anti-Glare Display Core i5-1135G7 Upto 4.2GHz 16GB 1TB HDD+256GB SSD Intel Iris Xe Graphics WIN10 Pro Grey With Free Lenovo Wireless Mouse,"1,999",2.3,4,https://www.amazon.ae/Lenovo-ThinkBook-Business-Anti-Glare-i5-1135G7/dp/B093X2XCT3
2022 Latest Lenovo ThinkPad E15 Gen 4 Business Laptop 15.6” FHD 300Nits Display 12thGen Core i7-1255u 16GB 512GB Intel Iris Xe Graphics FingerPrint WIN11 Pro Black Free Pro HT Action Camera,"3,395",4.1,6,https://www.amazon.ae/Lenovo-ThinkPad-Business-i7-1255u-FingerPrint/dp/B0BFLDK9HY
"Lenovo ThinkPad E15 15.6"" Laptop: Intel 10th Gen i7-10510U Quad-Core, 16GB RAM, 512GB NVMe SSD, 15.6"" FHD 1920x1080 IPS Display, Fingerprint, Win 10 Pro, Black","3,110",4.1,6,https://www.amazon.ae/Lenovo-ThinkPad-E15-15-6-Laptop/dp/B083P6ZGTB
2022 Latest Lenovo ThinkBook 15G2 Business Laptop 15.6” FHD Anti-Glare Display Core i7-1165G7 Upto 4.7GHz 16GB 1TB HDD+1TB SSD Intel Iris Xe Graphics WIN11 Pro Grey With Free Pro HT Action Camera,"2,885",1.5,2,https://www.amazon.ae/Lenovo-ThinkBook-Business-Anti-Glare-i7-1165G7/dp/B09V7G371T
"2021 Latest Lenovo ThinkPad E15 Gen 2 Laptop 15.6"" FHD Anti Glare Display Core I7-1165G7 Upto 4.7GHz 16GB 512GB SSD Intel Iris Xe Graphics Fingerprint Eng-Arb Key WIN10 Pro Black","3,007",3.2,2,https://www.amazon.ae/Lenovo-ThinkPad-I7-1165G7-Graphics-Fingerprint/dp/B08PMC8FWT
"2020 Lenovo ThinkPad E15 Business Laptop, 15.6"" FHD Display, Intel Core i5-10210U Upto 4.2GHz, 16GB RAM, 512GB NVMe SSD HDMI, DisplayPort via USB-C, Wi-Fi, Bluetooth, Eng Keyboard Windows 10 Pro…","2,995",1.0,1,https://www.amazon.ae/Lenovo-ThinkPad-i5-10210U-DisplayPort-Bluetooth/dp/B08CY2TKS6
"2020 Lenovo ThinkPad E15 15.6â€ FHD Business Laptop Computer, 10th gen Intel i5-10210U (up to 4.20GHz), 16GB RAM, 256GB SSD, WiFi HDMI Win10 Pro","2,808",4.3,2,https://www.amazon.ae/Lenovo-ThinkPad-Business-Computer-i5-10210U/dp/B089CKM13Q
"Lenovo Yoga 7i 16'' 2-in-1 Laptop 16"" 2.5K IPS Touchscreen 400 nits, 12th Gen Intel 12-Core i7-1260P 16GB RAM 1TB SSD Iris Xe Graphics, Fingerprint , Thunderbolt, Windows11 Home +Zipnology Cloth -New","4,395",5.0,1,https://www.amazon.ae/Lenovo-Touchscreen-Fingerprint-Thunderbolt-Windows11/dp/B0BLY7SBC7
"2022 Latest Lenovo ThinkPad E15 Gen 2 Business Laptop 15.6"" FHD Display Core i7-1165G7 16GB 1TB SSD NVIDIA MX450 2GB Graphics Fingerprint WIN11 PRO Black With Free Pro HT Action Camera","3,999",5.0,1,https://www.amazon.ae/Lenovo-ThinkPad-Business-i7-1165G7-Fingerprint/dp/B0B42Y9VHV
"Latest Lenovo IdeaPad Flex 5 15IIL05 2 in 1 Laptop 15.6"" FHD (1920 x 1080) IPS Touchscreen Intel 4-Core i7-1065G7 (1.3/3.9 GHz) 16GB DDR4 RAM 1TB PCIe SSD Fingerprint Win 10 Home - Graphite Grey","4,115",4.4,3,https://www.amazon.ae/Lenovo-IdeaPad-Touchscreen-i7-1065G7-Fingerprint/dp/B08YKHLYC1
"Lenovo Yoga Chromebook C630 15.6 Inch UHD Laptop - ( Intel Core i7-8550U, 16GB RAM, 128GB SSD, Chrome OS) - Midnight Blue","2,357",3.8,3,https://www.amazon.ae/Lenovo-Yoga-Chromebook-C630-Laptop/dp/B0B9GSHTP4
"2021 Latest Lenovo ThinkPad E15 Gen 2 Laptop 15.6"" FHD Anti Glare Display Core I5-1135G7 Upto 4.2GHz 16GB 512GB SSD NVIDIA GeForce MX350 2GB Graphics Fingerprint WIN10 Pro Black","2,745",2.0,2,https://www.amazon.ae/Lenovo-ThinkPad-I5-1135G7-Graphics-Fingerprint/dp/B09MKD2T1F
2022 Latest Lenovo ThinkPad E15 Gen 4 Business Laptop 15.6” FHD 300Nits Display 12thGen Core i5-1235u 16GB 512GB Intel Iris Xe Graphics FingerPrint WIN11 Pro Black With Free WIRLESS Bluetooth Headset,"2,711",3.3,5,https://www.amazon.ae/Lenovo-ThinkPad-Business-FingerPrint-Bluetooth/dp/B0B8PCCWP8
2022 Latest Lenovo ThinkPad E15 Gen 4 Business Laptop 15.6” FHD 300Nits Display 12thGen Core i7-1255u 16GB 512GB Intel Iris Xe Graphics FingerPrint WIN11 Pro Black With Free WIRELESS Bluetooth Headset,"3,143",2.6,7,https://www.amazon.ae/Lenovo-ThinkPad-Business-FingerPrint-Bluetooth/dp/B0B9K825N3
2022 Latest Lenovo ThinkBook 15 G2 Business Laptop 15.6” FHD Display Core i5-1135G7 16GB 1TB HDD+1TB SSD Intel Iris Xe Graphics WIN11 Pro Grey With Free Pro HT Bluetooth Headset,"2,067",2.7,1,https://www.amazon.ae/Lenovo-ThinkBook-Business-i5-1135G7-Bluetooth/dp/B0B82X29FV
"Lenovo ThinkPad E15 Business Laptop (2022 Model), 15.6"" FHD IPS Display, Intel Core i5-1135G7, Intel Iris Xe Graphics, 16GB RAM, 512GB PCIe SSD, Backlit Keyboard, Fingerprint Reader, WIFI 6, Win10 Pro","2,930",3.2,8,https://www.amazon.ae/Lenovo-ThinkPad-E15-i5-1135G7-Fingerprint/dp/B09LRJHD11
2022 Latest Lenovo ThinkBook 15 G2 Business Laptop 15.6” FHD Anti-Glare Display Core i5-1135G7 16GB 1TB HDD+ 256GB SSD Intel Iris Xe Graphics WIN11 Pro Grey,"1,730",2.1,3,https://www.amazon.ae/Lenovo-ThinkBook-Business-Anti-Glare-i5-1135G7/dp/B09X3KJWZ9
2022 Latest Lenovo ThinkBook 15 G2 Business Laptop 15.6” FHD Anti-Glare Display Core i5-1135G7 Upto 4.2GHz 16GB 1TB HDD+256GB SSD Intel Iris Xe Graphics WIN10 Pro Grey With Free Lenovo Wireless Mouse,"1,999",2.3,4,https://www.amazon.ae/Lenovo-ThinkBook-Business-Anti-Glare-i5-1135G7/dp/B093X2XCT3
2022 Latest Lenovo ThinkPad E15 Gen 4 Business Laptop 15.6” FHD 300Nits Display 12thGen Core i7-1255u 16GB 512GB Intel Iris Xe Graphics FingerPrint WIN11 Pro Black Free Pro HT Action Camera,"3,395",4.1,6,https://www.amazon.ae/Lenovo-ThinkPad-Business-i7-1255u-FingerPrint/dp/B0BFLDK9HY
"Lenovo ThinkPad E15 15.6"" Laptop: Intel 10th Gen i7-10510U Quad-Core, 16GB RAM, 512GB NVMe SSD, 15.6"" FHD 1920x1080 IPS Display, Fingerprint, Win 10 Pro, Black","3,110",4.1,6,https://www.amazon.ae/Lenovo-ThinkPad-E15-15-6-Laptop/dp/B083P6ZGTB
2022 Latest Lenovo ThinkBook 15G2 Business Laptop 15.6” FHD Anti-Glare Display Core i7-1165G7 Upto 4.7GHz 16GB 1TB HDD+1TB SSD Intel Iris Xe Graphics WIN11 Pro Grey With Free Pro HT Action Camera,"2,885",1.5,2,https://www.amazon.ae/Lenovo-ThinkBook-Business-Anti-Glare-i7-1165G7/dp/B09V7G371T
"2021 Latest Lenovo ThinkPad E15 Gen 2 Laptop 15.6"" FHD Anti Glare Display Core I7-1165G7 Upto 4.7GHz 16GB 512GB SSD Intel Iris Xe Graphics Fingerprint Eng-Arb Key WIN10 Pro Black","3,007",3.2,2,https://www.amazon.ae/Lenovo-ThinkPad-I7-1165G7-Graphics-Fingerprint/dp/B08PMC8FWT
"2020 Lenovo ThinkPad E15 Business Laptop, 15.6"" FHD Display, Intel Core i5-10210U Upto 4.2GHz, 16GB RAM, 512GB NVMe SSD HDMI, DisplayPort via USB-C, Wi-Fi, Bluetooth, Eng Keyboard Windows 10 Pro…","2,995",1.0,1,https://www.amazon.ae/Lenovo-ThinkPad-i5-10210U-DisplayPort-Bluetooth/dp/B08CY2TKS6
"2020 Lenovo ThinkPad E15 15.6â€ FHD Business Laptop Computer, 10th gen Intel i5-10210U (up to 4.20GHz), 16GB RAM, 256GB SSD, WiFi HDMI Win10 Pro","2,808",4.3,2,https://www.amazon.ae/Lenovo-ThinkPad-Business-Computer-i5-10210U/dp/B089CKM13Q
"Lenovo Yoga 7i 16'' 2-in-1 Laptop 16"" 2.5K IPS Touchscreen 400 nits, 12th Gen Intel 12-Core i7-1260P 16GB RAM 1TB SSD Iris Xe Graphics, Fingerprint , Thunderbolt, Windows11 Home +Zipnology Cloth -New","4,395",5.0,1,https://www.amazon.ae/Lenovo-Touchscreen-Fingerprint-Thunderbolt-Windows11/dp/B0BLY7SBC7
"2022 Latest Lenovo ThinkPad E15 Gen 2 Business Laptop 15.6"" FHD Display Core i7-1165G7 16GB 1TB SSD NVIDIA MX450 2GB Graphics Fingerprint WIN11 PRO Black With Free Pro HT Action Camera","3,999",5.0,1,https://www.amazon.ae/Lenovo-ThinkPad-Business-i7-1165G7-Fingerprint/dp/B0B42Y9VHV
"Latest Lenovo IdeaPad Flex 5 15IIL05 2 in 1 Laptop 15.6"" FHD (1920 x 1080) IPS Touchscreen Intel 4-Core i7-1065G7 (1.3/3.9 GHz) 16GB DDR4 RAM 1TB PCIe SSD Fingerprint Win 10 Home - Graphite Grey","4,115",4.4,3,https://www.amazon.ae/Lenovo-IdeaPad-Touchscreen-i7-1065G7-Fingerprint/dp/B08YKHLYC1
"Lenovo Yoga Chromebook C630 15.6 Inch UHD Laptop - ( Intel Core i7-8550U, 16GB RAM, 128GB SSD, Chrome OS) - Midnight Blue","2,357",3.8,3,https://www.amazon.ae/Lenovo-Yoga-Chromebook-C630-Laptop/dp/B0B9GSHTP4
"2021 Latest Lenovo ThinkPad E15 Gen 2 Laptop 15.6"" FHD Anti Glare Display Core I5-1135G7 Upto 4.2GHz 16GB 512GB SSD NVIDIA GeForce MX350 2GB Graphics Fingerprint WIN10 Pro Black","2,745",2.0,2,https://www.amazon.ae/Lenovo-ThinkPad-I5-1135G7-Graphics-Fingerprint/dp/B09MKD2T1F
Lenovo Ideapad Gaming3i Gaming Laptop RTX3050| 15.6 FHD 120Hz Refresh Rate | Intel Core i5-12500H 12Core| Backlit Keyboard | Wi-Fi 6 | USB Type C | Windows 11 | HDMI Cable (16GB RAM | 1TB PCIe SSD),"3,608",5.0,1,https://www.amazon.ae/Lenovo-Ideapad-Gaming3i-i5-12500H-Keyboard/dp/B0BNPXQDSB
2022 Latest Lenovo ThinkPad E15 Gen 4 Business Laptop 15.6” FHD 300Nits Display 12thGen Core i5-1235u 16GB 512GB Intel Iris Xe Graphics FingerPrint WIN11 Pro Black With Free WIRLESS Bluetooth Headset,"2,711",3.3,5,https://www.amazon.ae/Lenovo-ThinkPad-Business-FingerPrint-Bluetooth/dp/B0B8PCCWP8
2022 Latest Lenovo ThinkPad E15 Gen 4 Business Laptop 15.6” FHD 300Nits Display 12thGen Core i7-1255u 16GB 512GB Intel Iris Xe Graphics FingerPrint WIN11 Pro Black With Free WIRELESS Bluetooth Headset,"3,143",2.6,7,https://www.amazon.ae/Lenovo-ThinkPad-Business-FingerPrint-Bluetooth/dp/B0B9K825N3
2022 Latest Lenovo ThinkBook 15 G2 Business Laptop 15.6” FHD Display Core i5-1135G7 16GB 1TB HDD+1TB SSD Intel Iris Xe Graphics WIN11 Pro Grey With Free Pro HT Bluetooth Headset,"2,067",2.7,1,https://www.amazon.ae/Lenovo-ThinkBook-Business-i5-1135G7-Bluetooth/dp/B0B82X29FV
"Lenovo ThinkPad E15 Business Laptop (2022 Model), 15.6"" FHD IPS Display, Intel Core i5-1135G7, Intel Iris Xe Graphics, 16GB RAM, 512GB PCIe SSD, Backlit Keyboard, Fingerprint Reader, WIFI 6, Win10 Pro","2,930",3.2,8,https://www.amazon.ae/Lenovo-ThinkPad-E15-i5-1135G7-Fingerprint/dp/B09LRJHD11
2022 Latest Lenovo ThinkBook 15 G2 Business Laptop 15.6” FHD Anti-Glare Display Core i5-1135G7 16GB 1TB HDD+ 256GB SSD Intel Iris Xe Graphics WIN11 Pro Grey,"1,730",2.1,3,https://www.amazon.ae/Lenovo-ThinkBook-Business-Anti-Glare-i5-1135G7/dp/B09X3KJWZ9
2022 Latest Lenovo ThinkBook 15 G2 Business Laptop 15.6” FHD Anti-Glare Display Core i5-1135G7 Upto 4.2GHz 16GB 1TB HDD+256GB SSD Intel Iris Xe Graphics WIN10 Pro Grey With Free Lenovo Wireless Mouse,"1,999",2.3,4,https://www.amazon.ae/Lenovo-ThinkBook-Business-Anti-Glare-i5-1135G7/dp/B093X2XCT3
2022 Latest Lenovo ThinkPad E15 Gen 4 Business Laptop 15.6” FHD 300Nits Display 12thGen Core i7-1255u 16GB 512GB Intel Iris Xe Graphics FingerPrint WIN11 Pro Black Free Pro HT Action Camera,"3,395",4.1,6,https://www.amazon.ae/Lenovo-ThinkPad-Business-i7-1255u-FingerPrint/dp/B0BFLDK9HY
"Lenovo ThinkPad E15 15.6"" Laptop: Intel 10th Gen i7-10510U Quad-Core, 16GB RAM, 512GB NVMe SSD, 15.6"" FHD 1920x1080 IPS Display, Fingerprint, Win 10 Pro, Black","3,110",4.1,6,https://www.amazon.ae/Lenovo-ThinkPad-E15-15-6-Laptop/dp/B083P6ZGTB
2022 Latest Lenovo ThinkBook 15G2 Business Laptop 15.6” FHD Anti-Glare Display Core i7-1165G7 Upto 4.7GHz 16GB 1TB HDD+1TB SSD Intel Iris Xe Graphics WIN11 Pro Grey With Free Pro HT Action Camera,"2,885",1.5,2,https://www.amazon.ae/Lenovo-ThinkBook-Business-Anti-Glare-i7-1165G7/dp/B09V7G371T
"2021 Latest Lenovo ThinkPad E15 Gen 2 Laptop 15.6"" FHD Anti Glare Display Core I7-1165G7 Upto 4.7GHz 16GB 512GB SSD Intel Iris Xe Graphics Fingerprint Eng-Arb Key WIN10 Pro Black","3,007",3.2,2,https://www.amazon.ae/Lenovo-ThinkPad-I7-1165G7-Graphics-Fingerprint/dp/B08PMC8FWT
"2020 Lenovo ThinkPad E15 Business Laptop, 15.6"" FHD Display, Intel Core i5-10210U Upto 4.2GHz, 16GB RAM, 512GB NVMe SSD HDMI, DisplayPort via USB-C, Wi-Fi, Bluetooth, Eng Keyboard Windows 10 Pro…","2,995",1.0,1,https://www.amazon.ae/Lenovo-ThinkPad-i5-10210U-DisplayPort-Bluetooth/dp/B08CY2TKS6
"2020 Lenovo ThinkPad E15 15.6â€ FHD Business Laptop Computer, 10th gen Intel i5-10210U (up to 4.20GHz), 16GB RAM, 256GB SSD, WiFi HDMI Win10 Pro","2,808",4.3,2,https://www.amazon.ae/Lenovo-ThinkPad-Business-Computer-i5-10210U/dp/B089CKM13Q
"Lenovo Yoga 7i 16'' 2-in-1 Laptop 16"" 2.5K IPS Touchscreen 400 nits, 12th Gen Intel 12-Core i7-1260P 16GB RAM 1TB SSD Iris Xe Graphics, Fingerprint , Thunderbolt, Windows11 Home +Zipnology Cloth -New","4,395",5.0,1,https://www.amazon.ae/Lenovo-Touchscreen-Fingerprint-Thunderbolt-Windows11/dp/B0BLY7SBC7
"2022 Latest Lenovo ThinkPad E15 Gen 2 Business Laptop 15.6"" FHD Display Core i7-1165G7 16GB 1TB SSD NVIDIA MX450 2GB Graphics Fingerprint WIN11 PRO Black With Free Pro HT Action Camera","3,999",5.0,1,https://www.amazon.ae/Lenovo-ThinkPad-Business-i7-1165G7-Fingerprint/dp/B0B42Y9VHV
"Latest Lenovo IdeaPad Flex 5 15IIL05 2 in 1 Laptop 15.6"" FHD (1920 x 1080) IPS Touchscreen Intel 4-Core i7-1065G7 (1.3/3.9 GHz) 16GB DDR4 RAM 1TB PCIe SSD Fingerprint Win 10 Home - Graphite Grey","4,115",4.4,3,https://www.amazon.ae/Lenovo-IdeaPad-Touchscreen-i7-1065G7-Fingerprint/dp/B08YKHLYC1
"Lenovo Yoga Chromebook C630 15.6 Inch UHD Laptop - ( Intel Core i7-8550U, 16GB RAM, 128GB SSD, Chrome OS) - Midnight Blue","2,357",3.8,3,https://www.amazon.ae/Lenovo-Yoga-Chromebook-C630-Laptop/dp/B0B9GSHTP4
"2021 Latest Lenovo ThinkPad E15 Gen 2 Laptop 15.6"" FHD Anti Glare Display Core I5-1135G7 Upto 4.2GHz 16GB 512GB SSD NVIDIA GeForce MX350 2GB Graphics Fingerprint WIN10 Pro Black","2,745",2.0,2,https://www.amazon.ae/Lenovo-ThinkPad-I5-1135G7-Graphics-Fingerprint/dp/B09MKD2T1F
Lenovo Ideapad Gaming3i Gaming Laptop RTX3050| 15.6 FHD 120Hz Refresh Rate | Intel Core i5-12500H 12Core| Backlit Keyboard | Wi-Fi 6 | USB Type C | Windows 11 | HDMI Cable (16GB RAM | 1TB PCIe SSD),"3,608",5.0,1,https://www.amazon.ae/Lenovo-Ideapad-Gaming3i-i5-12500H-Keyboard/dp/B0BNPXQDSB
2022 Latest Lenovo ThinkPad E15 Gen 4 Business Laptop 15.6” FHD 300Nits Display 12thGen Core i5-1235u 16GB 512GB Intel Iris Xe Graphics FingerPrint WIN11 Pro Black Free Pro HT Action Camera,"3,199",4.1,4,https://www.amazon.ae/Lenovo-ThinkPad-Business-i5-1235u-FingerPrint/dp/B0BFLG4DR6
2022 Latest Lenovo ThinkPad E15 Gen 4 Business Laptop 15.6” FHD 300Nits Display 12thGen Core i5-1235u 16GB 512GB Intel Iris Xe Graphics FingerPrint WIN11 Pro Black With Free WIRLESS Bluetooth Headset,"2,711",3.3,5,https://www.amazon.ae/Lenovo-ThinkPad-Business-FingerPrint-Bluetooth/dp/B0B8PCCWP8
2022 Latest Lenovo ThinkPad E15 Gen 4 Business Laptop 15.6” FHD 300Nits Display 12thGen Core i7-1255u 16GB 512GB Intel Iris Xe Graphics FingerPrint WIN11 Pro Black With Free WIRELESS Bluetooth Headset,"3,143",2.6,7,https://www.amazon.ae/Lenovo-ThinkPad-Business-FingerPrint-Bluetooth/dp/B0B9K825N3
2022 Latest Lenovo ThinkBook 15 G2 Business Laptop 15.6” FHD Display Core i5-1135G7 16GB 1TB HDD+1TB SSD Intel Iris Xe Graphics WIN11 Pro Grey With Free Pro HT Bluetooth Headset,"2,067",2.7,1,https://www.amazon.ae/Lenovo-ThinkBook-Business-i5-1135G7-Bluetooth/dp/B0B82X29FV
"Lenovo ThinkPad E15 Business Laptop (2022 Model), 15.6"" FHD IPS Display, Intel Core i5-1135G7, Intel Iris Xe Graphics, 16GB RAM, 512GB PCIe SSD, Backlit Keyboard, Fingerprint Reader, WIFI 6, Win10 Pro","2,930",3.2,8,https://www.amazon.ae/Lenovo-ThinkPad-E15-i5-1135G7-Fingerprint/dp/B09LRJHD11
2022 Latest Lenovo ThinkBook 15 G2 Business Laptop 15.6” FHD Anti-Glare Display Core i5-1135G7 16GB 1TB HDD+ 256GB SSD Intel Iris Xe Graphics WIN11 Pro Grey,"1,730",2.1,3,https://www.amazon.ae/Lenovo-ThinkBook-Business-Anti-Glare-i5-1135G7/dp/B09X3KJWZ9
2022 Latest Lenovo ThinkBook 15 G2 Business Laptop 15.6” FHD Anti-Glare Display Core i5-1135G7 Upto 4.2GHz 16GB 1TB HDD+256GB SSD Intel Iris Xe Graphics WIN10 Pro Grey With Free Lenovo Wireless Mouse,"1,999",2.3,4,https://www.amazon.ae/Lenovo-ThinkBook-Business-Anti-Glare-i5-1135G7/dp/B093X2XCT3
2022 Latest Lenovo ThinkPad E15 Gen 4 Business Laptop 15.6” FHD 300Nits Display 12thGen Core i7-1255u 16GB 512GB Intel Iris Xe Graphics FingerPrint WIN11 Pro Black Free Pro HT Action Camera,"3,395",4.1,6,https://www.amazon.ae/Lenovo-ThinkPad-Business-i7-1255u-FingerPrint/dp/B0BFLDK9HY
"Lenovo ThinkPad E15 15.6"" Laptop: Intel 10th Gen i7-10510U Quad-Core, 16GB RAM, 512GB NVMe SSD, 15.6"" FHD 1920x1080 IPS Display, Fingerprint, Win 10 Pro, Black","3,110",4.1,6,https://www.amazon.ae/Lenovo-ThinkPad-E15-15-6-Laptop/dp/B083P6ZGTB
2022 Latest Lenovo ThinkBook 15G2 Business Laptop 15.6” FHD Anti-Glare Display Core i7-1165G7 Upto 4.7GHz 16GB 1TB HDD+1TB SSD Intel Iris Xe Graphics WIN11 Pro Grey With Free Pro HT Action Camera,"2,885",1.5,2,https://www.amazon.ae/Lenovo-ThinkBook-Business-Anti-Glare-i7-1165G7/dp/B09V7G371T
"2021 Latest Lenovo ThinkPad E15 Gen 2 Laptop 15.6"" FHD Anti Glare Display Core I7-1165G7 Upto 4.7GHz 16GB 512GB SSD Intel Iris Xe Graphics Fingerprint Eng-Arb Key WIN10 Pro Black","3,007",3.2,2,https://www.amazon.ae/Lenovo-ThinkPad-I7-1165G7-Graphics-Fingerprint/dp/B08PMC8FWT
"2020 Lenovo ThinkPad E15 Business Laptop, 15.6"" FHD Display, Intel Core i5-10210U Upto 4.2GHz, 16GB RAM, 512GB NVMe SSD HDMI, DisplayPort via USB-C, Wi-Fi, Bluetooth, Eng Keyboard Windows 10 Pro…","2,995",1.0,1,https://www.amazon.ae/Lenovo-ThinkPad-i5-10210U-DisplayPort-Bluetooth/dp/B08CY2TKS6
"2020 Lenovo ThinkPad E15 15.6â€ FHD Business Laptop Computer, 10th gen Intel i5-10210U (up to 4.20GHz), 16GB RAM, 256GB SSD, WiFi HDMI Win10 Pro","2,808",4.3,2,https://www.amazon.ae/Lenovo-ThinkPad-Business-Computer-i5-10210U/dp/B089CKM13Q
"Lenovo Yoga 7i 16'' 2-in-1 Laptop 16"" 2.5K IPS Touchscreen 400 nits, 12th Gen Intel 12-Core i7-1260P 16GB RAM 1TB SSD Iris Xe Graphics, Fingerprint , Thunderbolt, Windows11 Home +Zipnology Cloth -New","4,395",5.0,1,https://www.amazon.ae/Lenovo-Touchscreen-Fingerprint-Thunderbolt-Windows11/dp/B0BLY7SBC7
"2022 Latest Lenovo ThinkPad E15 Gen 2 Business Laptop 15.6"" FHD Display Core i7-1165G7 16GB 1TB SSD NVIDIA MX450 2GB Graphics Fingerprint WIN11 PRO Black With Free Pro HT Action Camera","3,999",5.0,1,https://www.amazon.ae/Lenovo-ThinkPad-Business-i7-1165G7-Fingerprint/dp/B0B42Y9VHV
"Latest Lenovo IdeaPad Flex 5 15IIL05 2 in 1 Laptop 15.6"" FHD (1920 x 1080) IPS Touchscreen Intel 4-Core i7-1065G7 (1.3/3.9 GHz) 16GB DDR4 RAM 1TB PCIe SSD Fingerprint Win 10 Home - Graphite Grey","4,115",4.4,3,https://www.amazon.ae/Lenovo-IdeaPad-Touchscreen-i7-1065G7-Fingerprint/dp/B08YKHLYC1
"Lenovo Yoga Chromebook C630 15.6 Inch UHD Laptop - ( Intel Core i7-8550U, 16GB RAM, 128GB SSD, Chrome OS) - Midnight Blue","2,357",3.8,3,https://www.amazon.ae/Lenovo-Yoga-Chromebook-C630-Laptop/dp/B0B9GSHTP4
"2021 Latest Lenovo ThinkPad E15 Gen 2 Laptop 15.6"" FHD Anti Glare Display Core I5-1135G7 Upto 4.2GHz 16GB 512GB SSD NVIDIA GeForce MX350 2GB Graphics Fingerprint WIN10 Pro Black","2,745",2.0,2,https://www.amazon.ae/Lenovo-ThinkPad-I5-1135G7-Graphics-Fingerprint/dp/B09MKD2T1F
Lenovo Ideapad Gaming3i Gaming Laptop RTX3050| 15.6 FHD 120Hz Refresh Rate | Intel Core i5-12500H 12Core| Backlit Keyboard | Wi-Fi 6 | USB Type C | Windows 11 | HDMI Cable (16GB RAM | 1TB PCIe SSD),"3,608",5.0,1,https://www.amazon.ae/Lenovo-Ideapad-Gaming3i-i5-12500H-Keyboard/dp/B0BNPXQDSB
2022 Latest Lenovo ThinkPad E15 Gen 4 Business Laptop 15.6” FHD 300Nits Display 12thGen Core i5-1235u 16GB 512GB Intel Iris Xe Graphics FingerPrint WIN11 Pro Black Free Pro HT Action Camera,"3,199",4.1,4,https://www.amazon.ae/Lenovo-ThinkPad-Business-i5-1235u-FingerPrint/dp/B0BFLG4DR6
"2020 Lenovo ThinkPad E15 Business Laptop, 15.6"" FHD Display, Core i5-10210U Upto 4.2GHz, 16GB RAM, 1TB HDD+256GB NVMe SSD HDMI, DisplayPort via USB-C, Wi-Fi, Bluetooth, Eng Keyboard Windows 10 Pro","3,290",4.1,4,https://www.amazon.ae/Lenovo-ThinkPad-i5-10210U-DisplayPort-Bluetooth/dp/B08PT56G6N
2022 Latest Lenovo ThinkPad E15 Gen 4 Business Laptop 15.6” FHD 300Nits Display 12thGen Core i5-1235u 16GB 512GB Intel Iris Xe Graphics FingerPrint WIN11 Pro Black With Free WIRLESS Bluetooth Headset,"2,711",3.3,5,https://www.amazon.ae/Lenovo-ThinkPad-Business-FingerPrint-Bluetooth/dp/B0B8PCCWP8
2022 Latest Lenovo ThinkPad E15 Gen 4 Business Laptop 15.6” FHD 300Nits Display 12thGen Core i7-1255u 16GB 512GB Intel Iris Xe Graphics FingerPrint WIN11 Pro Black With Free WIRELESS Bluetooth Headset,"3,143",2.6,7,https://www.amazon.ae/Lenovo-ThinkPad-Business-FingerPrint-Bluetooth/dp/B0B9K825N3
2022 Latest Lenovo ThinkBook 15 G2 Business Laptop 15.6” FHD Display Core i5-1135G7 16GB 1TB HDD+1TB SSD Intel Iris Xe Graphics WIN11 Pro Grey With Free Pro HT Bluetooth Headset,"2,067",2.7,1,https://www.amazon.ae/Lenovo-ThinkBook-Business-i5-1135G7-Bluetooth/dp/B0B82X29FV
"Lenovo ThinkPad E15 Business Laptop (2022 Model), 15.6"" FHD IPS Display, Intel Core i5-1135G7, Intel Iris Xe Graphics, 16GB RAM, 512GB PCIe SSD, Backlit Keyboard, Fingerprint Reader, WIFI 6, Win10 Pro","2,930",3.2,8,https://www.amazon.ae/Lenovo-ThinkPad-E15-i5-1135G7-Fingerprint/dp/B09LRJHD11
2022 Latest Lenovo ThinkBook 15 G2 Business Laptop 15.6” FHD Anti-Glare Display Core i5-1135G7 16GB 1TB HDD+ 256GB SSD Intel Iris Xe Graphics WIN11 Pro Grey,"1,730",2.1,3,https://www.amazon.ae/Lenovo-ThinkBook-Business-Anti-Glare-i5-1135G7/dp/B09X3KJWZ9
2022 Latest Lenovo ThinkBook 15 G2 Business Laptop 15.6” FHD Anti-Glare Display Core i5-1135G7 Upto 4.2GHz 16GB 1TB HDD+256GB SSD Intel Iris Xe Graphics WIN10 Pro Grey With Free Lenovo Wireless Mouse,"1,999",2.3,4,https://www.amazon.ae/Lenovo-ThinkBook-Business-Anti-Glare-i5-1135G7/dp/B093X2XCT3
2022 Latest Lenovo ThinkPad E15 Gen 4 Business Laptop 15.6” FHD 300Nits Display 12thGen Core i7-1255u 16GB 512GB Intel Iris Xe Graphics FingerPrint WIN11 Pro Black Free Pro HT Action Camera,"3,395",4.1,6,https://www.amazon.ae/Lenovo-ThinkPad-Business-i7-1255u-FingerPrint/dp/B0BFLDK9HY
"Lenovo ThinkPad E15 15.6"" Laptop: Intel 10th Gen i7-10510U Quad-Core, 16GB RAM, 512GB NVMe SSD, 15.6"" FHD 1920x1080 IPS Display, Fingerprint, Win 10 Pro, Black","3,110",4.1,6,https://www.amazon.ae/Lenovo-ThinkPad-E15-15-6-Laptop/dp/B083P6ZGTB
2022 Latest Lenovo ThinkBook 15G2 Business Laptop 15.6” FHD Anti-Glare Display Core i7-1165G7 Upto 4.7GHz 16GB 1TB HDD+1TB SSD Intel Iris Xe Graphics WIN11 Pro Grey With Free Pro HT Action Camera,"2,885",1.5,2,https://www.amazon.ae/Lenovo-ThinkBook-Business-Anti-Glare-i7-1165G7/dp/B09V7G371T
"2021 Latest Lenovo ThinkPad E15 Gen 2 Laptop 15.6"" FHD Anti Glare Display Core I7-1165G7 Upto 4.7GHz 16GB 512GB SSD Intel Iris Xe Graphics Fingerprint Eng-Arb Key WIN10 Pro Black","3,007",3.2,2,https://www.amazon.ae/Lenovo-ThinkPad-I7-1165G7-Graphics-Fingerprint/dp/B08PMC8FWT
"2020 Lenovo ThinkPad E15 Business Laptop, 15.6"" FHD Display, Intel Core i5-10210U Upto 4.2GHz, 16GB RAM, 512GB NVMe SSD HDMI, DisplayPort via USB-C, Wi-Fi, Bluetooth, Eng Keyboard Windows 10 Pro…","2,995",1.0,1,https://www.amazon.ae/Lenovo-ThinkPad-i5-10210U-DisplayPort-Bluetooth/dp/B08CY2TKS6
"2020 Lenovo ThinkPad E15 15.6â€ FHD Business Laptop Computer, 10th gen Intel i5-10210U (up to 4.20GHz), 16GB RAM, 256GB SSD, WiFi HDMI Win10 Pro","2,808",4.3,2,https://www.amazon.ae/Lenovo-ThinkPad-Business-Computer-i5-10210U/dp/B089CKM13Q
"Lenovo Yoga 7i 16'' 2-in-1 Laptop 16"" 2.5K IPS Touchscreen 400 nits, 12th Gen Intel 12-Core i7-1260P 16GB RAM 1TB SSD Iris Xe Graphics, Fingerprint , Thunderbolt, Windows11 Home +Zipnology Cloth -New","4,395",5.0,1,https://www.amazon.ae/Lenovo-Touchscreen-Fingerprint-Thunderbolt-Windows11/dp/B0BLY7SBC7
"2022 Latest Lenovo ThinkPad E15 Gen 2 Business Laptop 15.6"" FHD Display Core i7-1165G7 16GB 1TB SSD NVIDIA MX450 2GB Graphics Fingerprint WIN11 PRO Black With Free Pro HT Action Camera","3,999",5.0,1,https://www.amazon.ae/Lenovo-ThinkPad-Business-i7-1165G7-Fingerprint/dp/B0B42Y9VHV
"Latest Lenovo IdeaPad Flex 5 15IIL05 2 in 1 Laptop 15.6"" FHD (1920 x 1080) IPS Touchscreen Intel 4-Core i7-1065G7 (1.3/3.9 GHz) 16GB DDR4 RAM 1TB PCIe SSD Fingerprint Win 10 Home - Graphite Grey","4,115",4.4,3,https://www.amazon.ae/Lenovo-IdeaPad-Touchscreen-i7-1065G7-Fingerprint/dp/B08YKHLYC1
"Lenovo Yoga Chromebook C630 15.6 Inch UHD Laptop - ( Intel Core i7-8550U, 16GB RAM, 128GB SSD, Chrome OS) - Midnight Blue","2,357",3.8,3,https://www.amazon.ae/Lenovo-Yoga-Chromebook-C630-Laptop/dp/B0B9GSHTP4
"2021 Latest Lenovo ThinkPad E15 Gen 2 Laptop 15.6"" FHD Anti Glare Display Core I5-1135G7 Upto 4.2GHz 16GB 512GB SSD NVIDIA GeForce MX350 2GB Graphics Fingerprint WIN10 Pro Black","2,745",2.0,2,https://www.amazon.ae/Lenovo-ThinkPad-I5-1135G7-Graphics-Fingerprint/dp/B09MKD2T1F
Lenovo Ideapad Gaming3i Gaming Laptop RTX3050| 15.6 FHD 120Hz Refresh Rate | Intel Core i5-12500H 12Core| Backlit Keyboard | Wi-Fi 6 | USB Type C | Windows 11 | HDMI Cable (16GB RAM | 1TB PCIe SSD),"3,608",5.0,1,https://www.amazon.ae/Lenovo-Ideapad-Gaming3i-i5-12500H-Keyboard/dp/B0BNPXQDSB
2022 Latest Lenovo ThinkPad E15 Gen 4 Business Laptop 15.6” FHD 300Nits Display 12thGen Core i5-1235u 16GB 512GB Intel Iris Xe Graphics FingerPrint WIN11 Pro Black Free Pro HT Action Camera,"3,199",4.1,4,https://www.amazon.ae/Lenovo-ThinkPad-Business-i5-1235u-FingerPrint/dp/B0BFLG4DR6
"2020 Lenovo ThinkPad E15 Business Laptop, 15.6"" FHD Display, Core i5-10210U Upto 4.2GHz, 16GB RAM, 1TB HDD+256GB NVMe SSD HDMI, DisplayPort via USB-C, Wi-Fi, Bluetooth, Eng Keyboard Windows 10 Pro","3,290",4.1,4,https://www.amazon.ae/Lenovo-ThinkPad-i5-10210U-DisplayPort-Bluetooth/dp/B08PT56G6N
"Lenovo IdeaPad 3 15.6"" HD Touchscreen Laptop, Intel Quad Core i5-1035G1, 16GB RAM, 512GB SSD+ 1TB HDD, 4-in-1 Card Reader, Webcam, Bluetooth, Wi-Fi 6, HDMI, Windows 10/11 Home","4,216",4.1,4,https://www.amazon.ae/Lenovo-IdeaPad-Touchscreen-i5-1035G1-Bluetooth/dp/B09LYV39B6
2022 Latest Lenovo ThinkPad E15 Gen 4 Business Laptop 15.6” FHD 300Nits Display 12thGen Core i5-1235u 16GB 512GB Intel Iris Xe Graphics FingerPrint WIN11 Pro Black With Free WIRLESS Bluetooth Headset,"2,711",3.3,5,https://www.amazon.ae/Lenovo-ThinkPad-Business-FingerPrint-Bluetooth/dp/B0B8PCCWP8
2022 Latest Lenovo ThinkPad E15 Gen 4 Business Laptop 15.6” FHD 300Nits Display 12thGen Core i7-1255u 16GB 512GB Intel Iris Xe Graphics FingerPrint WIN11 Pro Black With Free WIRELESS Bluetooth Headset,"3,143",2.6,7,https://www.amazon.ae/Lenovo-ThinkPad-Business-FingerPrint-Bluetooth/dp/B0B9K825N3
2022 Latest Lenovo ThinkBook 15 G2 Business Laptop 15.6” FHD Display Core i5-1135G7 16GB 1TB HDD+1TB SSD Intel Iris Xe Graphics WIN11 Pro Grey With Free Pro HT Bluetooth Headset,"2,067",2.7,1,https://www.amazon.ae/Lenovo-ThinkBook-Business-i5-1135G7-Bluetooth/dp/B0B82X29FV
"Lenovo ThinkPad E15 Business Laptop (2022 Model), 15.6"" FHD IPS Display, Intel Core i5-1135G7, Intel Iris Xe Graphics, 16GB RAM, 512GB PCIe SSD, Backlit Keyboard, Fingerprint Reader, WIFI 6, Win10 Pro","2,930",3.2,8,https://www.amazon.ae/Lenovo-ThinkPad-E15-i5-1135G7-Fingerprint/dp/B09LRJHD11
2022 Latest Lenovo ThinkBook 15 G2 Business Laptop 15.6” FHD Anti-Glare Display Core i5-1135G7 16GB 1TB HDD+ 256GB SSD Intel Iris Xe Graphics WIN11 Pro Grey,"1,730",2.1,3,https://www.amazon.ae/Lenovo-ThinkBook-Business-Anti-Glare-i5-1135G7/dp/B09X3KJWZ9
2022 Latest Lenovo ThinkBook 15 G2 Business Laptop 15.6” FHD Anti-Glare Display Core i5-1135G7 Upto 4.2GHz 16GB 1TB HDD+256GB SSD Intel Iris Xe Graphics WIN10 Pro Grey With Free Lenovo Wireless Mouse,"1,999",2.3,4,https://www.amazon.ae/Lenovo-ThinkBook-Business-Anti-Glare-i5-1135G7/dp/B093X2XCT3
2022 Latest Lenovo ThinkPad E15 Gen 4 Business Laptop 15.6” FHD 300Nits Display 12thGen Core i7-1255u 16GB 512GB Intel Iris Xe Graphics FingerPrint WIN11 Pro Black Free Pro HT Action Camera,"3,395",4.1,6,https://www.amazon.ae/Lenovo-ThinkPad-Business-i7-1255u-FingerPrint/dp/B0BFLDK9HY
"Lenovo ThinkPad E15 15.6"" Laptop: Intel 10th Gen i7-10510U Quad-Core, 16GB RAM, 512GB NVMe SSD, 15.6"" FHD 1920x1080 IPS Display, Fingerprint, Win 10 Pro, Black","3,110",4.1,6,https://www.amazon.ae/Lenovo-ThinkPad-E15-15-6-Laptop/dp/B083P6ZGTB
2022 Latest Lenovo ThinkBook 15G2 Business Laptop 15.6” FHD Anti-Glare Display Core i7-1165G7 Upto 4.7GHz 16GB 1TB HDD+1TB SSD Intel Iris Xe Graphics WIN11 Pro Grey With Free Pro HT Action Camera,"2,885",1.5,2,https://www.amazon.ae/Lenovo-ThinkBook-Business-Anti-Glare-i7-1165G7/dp/B09V7G371T
"2021 Latest Lenovo ThinkPad E15 Gen 2 Laptop 15.6"" FHD Anti Glare Display Core I7-1165G7 Upto 4.7GHz 16GB 512GB SSD Intel Iris Xe Graphics Fingerprint Eng-Arb Key WIN10 Pro Black","3,007",3.2,2,https://www.amazon.ae/Lenovo-ThinkPad-I7-1165G7-Graphics-Fingerprint/dp/B08PMC8FWT
"2020 Lenovo ThinkPad E15 Business Laptop, 15.6"" FHD Display, Intel Core i5-10210U Upto 4.2GHz, 16GB RAM, 512GB NVMe SSD HDMI, DisplayPort via USB-C, Wi-Fi, Bluetooth, Eng Keyboard Windows 10 Pro…","2,995",1.0,1,https://www.amazon.ae/Lenovo-ThinkPad-i5-10210U-DisplayPort-Bluetooth/dp/B08CY2TKS6
"2020 Lenovo ThinkPad E15 15.6â€ FHD Business Laptop Computer, 10th gen Intel i5-10210U (up to 4.20GHz), 16GB RAM, 256GB SSD, WiFi HDMI Win10 Pro","2,808",4.3,2,https://www.amazon.ae/Lenovo-ThinkPad-Business-Computer-i5-10210U/dp/B089CKM13Q
"Lenovo Yoga 7i 16'' 2-in-1 Laptop 16"" 2.5K IPS Touchscreen 400 nits, 12th Gen Intel 12-Core i7-1260P 16GB RAM 1TB SSD Iris Xe Graphics, Fingerprint , Thunderbolt, Windows11 Home +Zipnology Cloth -New","4,395",5.0,1,https://www.amazon.ae/Lenovo-Touchscreen-Fingerprint-Thunderbolt-Windows11/dp/B0BLY7SBC7
"2022 Latest Lenovo ThinkPad E15 Gen 2 Business Laptop 15.6"" FHD Display Core i7-1165G7 16GB 1TB SSD NVIDIA MX450 2GB Graphics Fingerprint WIN11 PRO Black With Free Pro HT Action Camera","3,999",5.0,1,https://www.amazon.ae/Lenovo-ThinkPad-Business-i7-1165G7-Fingerprint/dp/B0B42Y9VHV
"Latest Lenovo IdeaPad Flex 5 15IIL05 2 in 1 Laptop 15.6"" FHD (1920 x 1080) IPS Touchscreen Intel 4-Core i7-1065G7 (1.3/3.9 GHz) 16GB DDR4 RAM 1TB PCIe SSD Fingerprint Win 10 Home - Graphite Grey","4,115",4.4,3,https://www.amazon.ae/Lenovo-IdeaPad-Touchscreen-i7-1065G7-Fingerprint/dp/B08YKHLYC1
"Lenovo Yoga Chromebook C630 15.6 Inch UHD Laptop - ( Intel Core i7-8550U, 16GB RAM, 128GB SSD, Chrome OS) - Midnight Blue","2,357",3.8,3,https://www.amazon.ae/Lenovo-Yoga-Chromebook-C630-Laptop/dp/B0B9GSHTP4
"2021 Latest Lenovo ThinkPad E15 Gen 2 Laptop 15.6"" FHD Anti Glare Display Core I5-1135G7 Upto 4.2GHz 16GB 512GB SSD NVIDIA GeForce MX350 2GB Graphics Fingerprint WIN10 Pro Black","2,745",2.0,2,https://www.amazon.ae/Lenovo-ThinkPad-I5-1135G7-Graphics-Fingerprint/dp/B09MKD2T1F
Lenovo Ideapad Gaming3i Gaming Laptop RTX3050| 15.6 FHD 120Hz Refresh Rate | Intel Core i5-12500H 12Core| Backlit Keyboard | Wi-Fi 6 | USB Type C | Windows 11 | HDMI Cable (16GB RAM | 1TB PCIe SSD),"3,608",5.0,1,https://www.amazon.ae/Lenovo-Ideapad-Gaming3i-i5-12500H-Keyboard/dp/B0BNPXQDSB
2022 Latest Lenovo ThinkPad E15 Gen 4 Business Laptop 15.6” FHD 300Nits Display 12thGen Core i5-1235u 16GB 512GB Intel Iris Xe Graphics FingerPrint WIN11 Pro Black Free Pro HT Action Camera,"3,199",4.1,4,https://www.amazon.ae/Lenovo-ThinkPad-Business-i5-1235u-FingerPrint/dp/B0BFLG4DR6
"2020 Lenovo ThinkPad E15 Business Laptop, 15.6"" FHD Display, Core i5-10210U Upto 4.2GHz, 16GB RAM, 1TB HDD+256GB NVMe SSD HDMI, DisplayPort via USB-C, Wi-Fi, Bluetooth, Eng Keyboard Windows 10 Pro","3,290",4.1,4,https://www.amazon.ae/Lenovo-ThinkPad-i5-10210U-DisplayPort-Bluetooth/dp/B08PT56G6N
"Lenovo IdeaPad 3 15.6"" HD Touchscreen Laptop, Intel Quad Core i5-1035G1, 16GB RAM, 512GB SSD+ 1TB HDD, 4-in-1 Card Reader, Webcam, Bluetooth, Wi-Fi 6, HDMI, Windows 10/11 Home","4,216",4.1,4,https://www.amazon.ae/Lenovo-IdeaPad-Touchscreen-i5-1035G1-Bluetooth/dp/B09LYV39B6
"2022 Latest Lenovo ThinkPad E15 Gen 2 Business Laptop 15.6"" FHD Display Core i5-1135G7 16GB 1TB SSD NVIDIA MX350 2GB Graphics Fingerprint WIN11 PRO Black With Free Pro HT Action Camera","3,399",5.0,1,https://www.amazon.ae/Lenovo-ThinkPad-Business-i5-1135G7-Fingerprint/dp/B0B42YP7CZ
2022 Latest Lenovo ThinkPad E15 Gen 4 Business Laptop 15.6” FHD 300Nits Display 12thGen Core i5-1235u 16GB 512GB Intel Iris Xe Graphics FingerPrint WIN11 Pro Black With Free WIRLESS Bluetooth Headset,"2,711",3.3,5,https://www.amazon.ae/Lenovo-ThinkPad-Business-FingerPrint-Bluetooth/dp/B0B8PCCWP8
2022 Latest Lenovo ThinkPad E15 Gen 4 Business Laptop 15.6” FHD 300Nits Display 12thGen Core i7-1255u 16GB 512GB Intel Iris Xe Graphics FingerPrint WIN11 Pro Black With Free WIRELESS Bluetooth Headset,"3,143",2.6,7,https://www.amazon.ae/Lenovo-ThinkPad-Business-FingerPrint-Bluetooth/dp/B0B9K825N3
2022 Latest Lenovo ThinkBook 15 G2 Business Laptop 15.6” FHD Display Core i5-1135G7 16GB 1TB HDD+1TB SSD Intel Iris Xe Graphics WIN11 Pro Grey With Free Pro HT Bluetooth Headset,"2,067",2.7,1,https://www.amazon.ae/Lenovo-ThinkBook-Business-i5-1135G7-Bluetooth/dp/B0B82X29FV
"Lenovo ThinkPad E15 Business Laptop (2022 Model), 15.6"" FHD IPS Display, Intel Core i5-1135G7, Intel Iris Xe Graphics, 16GB RAM, 512GB PCIe SSD, Backlit Keyboard, Fingerprint Reader, WIFI 6, Win10 Pro","2,930",3.2,8,https://www.amazon.ae/Lenovo-ThinkPad-E15-i5-1135G7-Fingerprint/dp/B09LRJHD11
2022 Latest Lenovo ThinkBook 15 G2 Business Laptop 15.6” FHD Anti-Glare Display Core i5-1135G7 16GB 1TB HDD+ 256GB SSD Intel Iris Xe Graphics WIN11 Pro Grey,"1,730",2.1,3,https://www.amazon.ae/Lenovo-ThinkBook-Business-Anti-Glare-i5-1135G7/dp/B09X3KJWZ9
2022 Latest Lenovo ThinkBook 15 G2 Business Laptop 15.6” FHD Anti-Glare Display Core i5-1135G7 Upto 4.2GHz 16GB 1TB HDD+256GB SSD Intel Iris Xe Graphics WIN10 Pro Grey With Free Lenovo Wireless Mouse,"1,999",2.3,4,https://www.amazon.ae/Lenovo-ThinkBook-Business-Anti-Glare-i5-1135G7/dp/B093X2XCT3
2022 Latest Lenovo ThinkPad E15 Gen 4 Business Laptop 15.6” FHD 300Nits Display 12thGen Core i7-1255u 16GB 512GB Intel Iris Xe Graphics FingerPrint WIN11 Pro Black Free Pro HT Action Camera,"3,395",4.1,6,https://www.amazon.ae/Lenovo-ThinkPad-Business-i7-1255u-FingerPrint/dp/B0BFLDK9HY
"Lenovo ThinkPad E15 15.6"" Laptop: Intel 10th Gen i7-10510U Quad-Core, 16GB RAM, 512GB NVMe SSD, 15.6"" FHD 1920x1080 IPS Display, Fingerprint, Win 10 Pro, Black","3,110",4.1,6,https://www.amazon.ae/Lenovo-ThinkPad-E15-15-6-Laptop/dp/B083P6ZGTB
2022 Latest Lenovo ThinkBook 15G2 Business Laptop 15.6” FHD Anti-Glare Display Core i7-1165G7 Upto 4.7GHz 16GB 1TB HDD+1TB SSD Intel Iris Xe Graphics WIN11 Pro Grey With Free Pro HT Action Camera,"2,885",1.5,2,https://www.amazon.ae/Lenovo-ThinkBook-Business-Anti-Glare-i7-1165G7/dp/B09V7G371T
"2021 Latest Lenovo ThinkPad E15 Gen 2 Laptop 15.6"" FHD Anti Glare Display Core I7-1165G7 Upto 4.7GHz 16GB 512GB SSD Intel Iris Xe Graphics Fingerprint Eng-Arb Key WIN10 Pro Black","3,007",3.2,2,https://www.amazon.ae/Lenovo-ThinkPad-I7-1165G7-Graphics-Fingerprint/dp/B08PMC8FWT
"2020 Lenovo ThinkPad E15 Business Laptop, 15.6"" FHD Display, Intel Core i5-10210U Upto 4.2GHz, 16GB RAM, 512GB NVMe SSD HDMI, DisplayPort via USB-C, Wi-Fi, Bluetooth, Eng Keyboard Windows 10 Pro…","2,995",1.0,1,https://www.amazon.ae/Lenovo-ThinkPad-i5-10210U-DisplayPort-Bluetooth/dp/B08CY2TKS6
"2020 Lenovo ThinkPad E15 15.6â€ FHD Business Laptop Computer, 10th gen Intel i5-10210U (up to 4.20GHz), 16GB RAM, 256GB SSD, WiFi HDMI Win10 Pro","2,808",4.3,2,https://www.amazon.ae/Lenovo-ThinkPad-Business-Computer-i5-10210U/dp/B089CKM13Q
"Lenovo Yoga 7i 16'' 2-in-1 Laptop 16"" 2.5K IPS Touchscreen 400 nits, 12th Gen Intel 12-Core i7-1260P 16GB RAM 1TB SSD Iris Xe Graphics, Fingerprint , Thunderbolt, Windows11 Home +Zipnology Cloth -New","4,395",5.0,1,https://www.amazon.ae/Lenovo-Touchscreen-Fingerprint-Thunderbolt-Windows11/dp/B0BLY7SBC7
"2022 Latest Lenovo ThinkPad E15 Gen 2 Business Laptop 15.6"" FHD Display Core i7-1165G7 16GB 1TB SSD NVIDIA MX450 2GB Graphics Fingerprint WIN11 PRO Black With Free Pro HT Action Camera","3,999",5.0,1,https://www.amazon.ae/Lenovo-ThinkPad-Business-i7-1165G7-Fingerprint/dp/B0B42Y9VHV
"Latest Lenovo IdeaPad Flex 5 15IIL05 2 in 1 Laptop 15.6"" FHD (1920 x 1080) IPS Touchscreen Intel 4-Core i7-1065G7 (1.3/3.9 GHz) 16GB DDR4 RAM 1TB PCIe SSD Fingerprint Win 10 Home - Graphite Grey","4,115",4.4,3,https://www.amazon.ae/Lenovo-IdeaPad-Touchscreen-i7-1065G7-Fingerprint/dp/B08YKHLYC1
"Lenovo Yoga Chromebook C630 15.6 Inch UHD Laptop - ( Intel Core i7-8550U, 16GB RAM, 128GB SSD, Chrome OS) - Midnight Blue","2,357",3.8,3,https://www.amazon.ae/Lenovo-Yoga-Chromebook-C630-Laptop/dp/B0B9GSHTP4
"2021 Latest Lenovo ThinkPad E15 Gen 2 Laptop 15.6"" FHD Anti Glare Display Core I5-1135G7 Upto 4.2GHz 16GB 512GB SSD NVIDIA GeForce MX350 2GB Graphics Fingerprint WIN10 Pro Black","2,745",2.0,2,https://www.amazon.ae/Lenovo-ThinkPad-I5-1135G7-Graphics-Fingerprint/dp/B09MKD2T1F
Lenovo Ideapad Gaming3i Gaming Laptop RTX3050| 15.6 FHD 120Hz Refresh Rate | Intel Core i5-12500H 12Core| Backlit Keyboard | Wi-Fi 6 | USB Type C | Windows 11 | HDMI Cable (16GB RAM | 1TB PCIe SSD),"3,608",5.0,1,https://www.amazon.ae/Lenovo-Ideapad-Gaming3i-i5-12500H-Keyboard/dp/B0BNPXQDSB
2022 Latest Lenovo ThinkPad E15 Gen 4 Business Laptop 15.6” FHD 300Nits Display 12thGen Core i5-1235u 16GB 512GB Intel Iris Xe Graphics FingerPrint WIN11 Pro Black Free Pro HT Action Camera,"3,199",4.1,4,https://www.amazon.ae/Lenovo-ThinkPad-Business-i5-1235u-FingerPrint/dp/B0BFLG4DR6
"2020 Lenovo ThinkPad E15 Business Laptop, 15.6"" FHD Display, Core i5-10210U Upto 4.2GHz, 16GB RAM, 1TB HDD+256GB NVMe SSD HDMI, DisplayPort via USB-C, Wi-Fi, Bluetooth, Eng Keyboard Windows 10 Pro","3,290",4.1,4,https://www.amazon.ae/Lenovo-ThinkPad-i5-10210U-DisplayPort-Bluetooth/dp/B08PT56G6N
"Lenovo IdeaPad 3 15.6"" HD Touchscreen Laptop, Intel Quad Core i5-1035G1, 16GB RAM, 512GB SSD+ 1TB HDD, 4-in-1 Card Reader, Webcam, Bluetooth, Wi-Fi 6, HDMI, Windows 10/11 Home","4,216",4.1,4,https://www.amazon.ae/Lenovo-IdeaPad-Touchscreen-i5-1035G1-Bluetooth/dp/B09LYV39B6
"2022 Latest Lenovo ThinkPad E15 Gen 2 Business Laptop 15.6"" FHD Display Core i5-1135G7 16GB 1TB SSD NVIDIA MX350 2GB Graphics Fingerprint WIN11 PRO Black With Free Pro HT Action Camera","3,399",5.0,1,https://www.amazon.ae/Lenovo-ThinkPad-Business-i5-1135G7-Fingerprint/dp/B0B42YP7CZ
"2020 Latest Lenovo ThinkPad E15 Laptop 15.6"" FHD Display Core I7-10510U Upto 4.9GHz 16GB 1TB SSD AMD RX640 2GB Eng keyboard WIN10 Pro Black With Lenovo Top loader Bag","3,408",5.0,1,https://www.amazon.ae/Lenovo-ThinkPad-Display-I7-10510U-keyboard/dp/B091ZCDBJ6
2022 Latest Lenovo ThinkPad E15 Gen 4 Business Laptop 15.6” FHD 300Nits Display 12thGen Core i5-1235u 16GB 512GB Intel Iris Xe Graphics FingerPrint WIN11 Pro Black With Free WIRLESS Bluetooth Headset,"2,711",3.3,5,https://www.amazon.ae/Lenovo-ThinkPad-Business-FingerPrint-Bluetooth/dp/B0B8PCCWP8
2022 Latest Lenovo ThinkPad E15 Gen 4 Business Laptop 15.6” FHD 300Nits Display 12thGen Core i7-1255u 16GB 512GB Intel Iris Xe Graphics FingerPrint WIN11 Pro Black With Free WIRELESS Bluetooth Headset,"3,143",2.6,7,https://www.amazon.ae/Lenovo-ThinkPad-Business-FingerPrint-Bluetooth/dp/B0B9K825N3
2022 Latest Lenovo ThinkBook 15 G2 Business Laptop 15.6” FHD Display Core i5-1135G7 16GB 1TB HDD+1TB SSD Intel Iris Xe Graphics WIN11 Pro Grey With Free Pro HT Bluetooth Headset,"2,067",2.7,1,https://www.amazon.ae/Lenovo-ThinkBook-Business-i5-1135G7-Bluetooth/dp/B0B82X29FV
"Lenovo ThinkPad E15 Business Laptop (2022 Model), 15.6"" FHD IPS Display, Intel Core i5-1135G7, Intel Iris Xe Graphics, 16GB RAM, 512GB PCIe SSD, Backlit Keyboard, Fingerprint Reader, WIFI 6, Win10 Pro","2,930",3.2,8,https://www.amazon.ae/Lenovo-ThinkPad-E15-i5-1135G7-Fingerprint/dp/B09LRJHD11
2022 Latest Lenovo ThinkBook 15 G2 Business Laptop 15.6” FHD Anti-Glare Display Core i5-1135G7 16GB 1TB HDD+ 256GB SSD Intel Iris Xe Graphics WIN11 Pro Grey,"1,730",2.1,3,https://www.amazon.ae/Lenovo-ThinkBook-Business-Anti-Glare-i5-1135G7/dp/B09X3KJWZ9
2022 Latest Lenovo ThinkBook 15 G2 Business Laptop 15.6” FHD Anti-Glare Display Core i5-1135G7 Upto 4.2GHz 16GB 1TB HDD+256GB SSD Intel Iris Xe Graphics WIN10 Pro Grey With Free Lenovo Wireless Mouse,"1,999",2.3,4,https://www.amazon.ae/Lenovo-ThinkBook-Business-Anti-Glare-i5-1135G7/dp/B093X2XCT3
2022 Latest Lenovo ThinkPad E15 Gen 4 Business Laptop 15.6” FHD 300Nits Display 12thGen Core i7-1255u 16GB 512GB Intel Iris Xe Graphics FingerPrint WIN11 Pro Black Free Pro HT Action Camera,"3,395",4.1,6,https://www.amazon.ae/Lenovo-ThinkPad-Business-i7-1255u-FingerPrint/dp/B0BFLDK9HY
"Lenovo ThinkPad E15 15.6"" Laptop: Intel 10th Gen i7-10510U Quad-Core, 16GB RAM, 512GB NVMe SSD, 15.6"" FHD 1920x1080 IPS Display, Fingerprint, Win 10 Pro, Black","3,110",4.1,6,https://www.amazon.ae/Lenovo-ThinkPad-E15-15-6-Laptop/dp/B083P6ZGTB
2022 Latest Lenovo ThinkBook 15G2 Business Laptop 15.6” FHD Anti-Glare Display Core i7-1165G7 Upto 4.7GHz 16GB 1TB HDD+1TB SSD Intel Iris Xe Graphics WIN11 Pro Grey With Free Pro HT Action Camera,"2,885",1.5,2,https://www.amazon.ae/Lenovo-ThinkBook-Business-Anti-Glare-i7-1165G7/dp/B09V7G371T
"2021 Latest Lenovo ThinkPad E15 Gen 2 Laptop 15.6"" FHD Anti Glare Display Core I7-1165G7 Upto 4.7GHz 16GB 512GB SSD Intel Iris Xe Graphics Fingerprint Eng-Arb Key WIN10 Pro Black","3,007",3.2,2,https://www.amazon.ae/Lenovo-ThinkPad-I7-1165G7-Graphics-Fingerprint/dp/B08PMC8FWT
"2020 Lenovo ThinkPad E15 Business Laptop, 15.6"" FHD Display, Intel Core i5-10210U Upto 4.2GHz, 16GB RAM, 512GB NVMe SSD HDMI, DisplayPort via USB-C, Wi-Fi, Bluetooth, Eng Keyboard Windows 10 Pro…","2,995",1.0,1,https://www.amazon.ae/Lenovo-ThinkPad-i5-10210U-DisplayPort-Bluetooth/dp/B08CY2TKS6
"2020 Lenovo ThinkPad E15 15.6â€ FHD Business Laptop Computer, 10th gen Intel i5-10210U (up to 4.20GHz), 16GB RAM, 256GB SSD, WiFi HDMI Win10 Pro","2,808",4.3,2,https://www.amazon.ae/Lenovo-ThinkPad-Business-Computer-i5-10210U/dp/B089CKM13Q
"Lenovo Yoga 7i 16'' 2-in-1 Laptop 16"" 2.5K IPS Touchscreen 400 nits, 12th Gen Intel 12-Core i7-1260P 16GB RAM 1TB SSD Iris Xe Graphics, Fingerprint , Thunderbolt, Windows11 Home +Zipnology Cloth -New","4,395",5.0,1,https://www.amazon.ae/Lenovo-Touchscreen-Fingerprint-Thunderbolt-Windows11/dp/B0BLY7SBC7
"2022 Latest Lenovo ThinkPad E15 Gen 2 Business Laptop 15.6"" FHD Display Core i7-1165G7 16GB 1TB SSD NVIDIA MX450 2GB Graphics Fingerprint WIN11 PRO Black With Free Pro HT Action Camera","3,999",5.0,1,https://www.amazon.ae/Lenovo-ThinkPad-Business-i7-1165G7-Fingerprint/dp/B0B42Y9VHV
"Latest Lenovo IdeaPad Flex 5 15IIL05 2 in 1 Laptop 15.6"" FHD (1920 x 1080) IPS Touchscreen Intel 4-Core i7-1065G7 (1.3/3.9 GHz) 16GB DDR4 RAM 1TB PCIe SSD Fingerprint Win 10 Home - Graphite Grey","4,115",4.4,3,https://www.amazon.ae/Lenovo-IdeaPad-Touchscreen-i7-1065G7-Fingerprint/dp/B08YKHLYC1
"Lenovo Yoga Chromebook C630 15.6 Inch UHD Laptop - ( Intel Core i7-8550U, 16GB RAM, 128GB SSD, Chrome OS) - Midnight Blue","2,357",3.8,3,https://www.amazon.ae/Lenovo-Yoga-Chromebook-C630-Laptop/dp/B0B9GSHTP4
"2021 Latest Lenovo ThinkPad E15 Gen 2 Laptop 15.6"" FHD Anti Glare Display Core I5-1135G7 Upto 4.2GHz 16GB 512GB SSD NVIDIA GeForce MX350 2GB Graphics Fingerprint WIN10 Pro Black","2,745",2.0,2,https://www.amazon.ae/Lenovo-ThinkPad-I5-1135G7-Graphics-Fingerprint/dp/B09MKD2T1F
Lenovo Ideapad Gaming3i Gaming Laptop RTX3050| 15.6 FHD 120Hz Refresh Rate | Intel Core i5-12500H 12Core| Backlit Keyboard | Wi-Fi 6 | USB Type C | Windows 11 | HDMI Cable (16GB RAM | 1TB PCIe SSD),"3,608",5.0,1,https://www.amazon.ae/Lenovo-Ideapad-Gaming3i-i5-12500H-Keyboard/dp/B0BNPXQDSB
2022 Latest Lenovo ThinkPad E15 Gen 4 Business Laptop 15.6” FHD 300Nits Display 12thGen Core i5-1235u 16GB 512GB Intel Iris Xe Graphics FingerPrint WIN11 Pro Black Free Pro HT Action Camera,"3,199",4.1,4,https://www.amazon.ae/Lenovo-ThinkPad-Business-i5-1235u-FingerPrint/dp/B0BFLG4DR6
"2020 Lenovo ThinkPad E15 Business Laptop, 15.6"" FHD Display, Core i5-10210U Upto 4.2GHz, 16GB RAM, 1TB HDD+256GB NVMe SSD HDMI, DisplayPort via USB-C, Wi-Fi, Bluetooth, Eng Keyboard Windows 10 Pro","3,290",4.1,4,https://www.amazon.ae/Lenovo-ThinkPad-i5-10210U-DisplayPort-Bluetooth/dp/B08PT56G6N
"Lenovo IdeaPad 3 15.6"" HD Touchscreen Laptop, Intel Quad Core i5-1035G1, 16GB RAM, 512GB SSD+ 1TB HDD, 4-in-1 Card Reader, Webcam, Bluetooth, Wi-Fi 6, HDMI, Windows 10/11 Home","4,216",4.1,4,https://www.amazon.ae/Lenovo-IdeaPad-Touchscreen-i5-1035G1-Bluetooth/dp/B09LYV39B6
"2022 Latest Lenovo ThinkPad E15 Gen 2 Business Laptop 15.6"" FHD Display Core i5-1135G7 16GB 1TB SSD NVIDIA MX350 2GB Graphics Fingerprint WIN11 PRO Black With Free Pro HT Action Camera","3,399",5.0,1,https://www.amazon.ae/Lenovo-ThinkPad-Business-i5-1135G7-Fingerprint/dp/B0B42YP7CZ
"2020 Latest Lenovo ThinkPad E15 Laptop 15.6"" FHD Display Core I7-10510U Upto 4.9GHz 16GB 1TB SSD AMD RX640 2GB Eng keyboard WIN10 Pro Black With Lenovo Top loader Bag","3,408",5.0,1,https://www.amazon.ae/Lenovo-ThinkPad-Display-I7-10510U-keyboard/dp/B091ZCDBJ6
"2021 Lenovo ThinkPad E15 Gen 2 15.6"" FHD Business Laptop 11th Gen (Intel i5-1135G7 4-Core, 16GB RAM, 512GB SSD, Intel Iris Xe, 15.6"" (1920x1080), WiFi 6, Bluetooth 5, Webcam, Win 10 Pro) with Hub","2,999",1.0,1,https://www.amazon.ae/Lenovo-ThinkPad-i5-1135G7-1920x1080-Bluetooth/dp/B09J1QZSHN
